,Date_reported,New_cases,SmoothedCases,cutDates
3996,2020-01-03,0,8.972252940971993e-05,0
3997,2020-01-04,0,0.00011528583120749597,0
3998,2020-01-05,0,0.00014789604199091921,0
3999,2020-01-06,0,0.00018941616941587955,0
4000,2020-01-07,0,0.00024217593968718203,0
4001,2020-01-08,0,0.00030908076028483584,0
4002,2020-01-09,0,0.00039374383764071824,0
4003,2020-01-10,0,0.0005006457842360395,0
4004,2020-01-11,0,0.0006353267389548435,0
4005,2020-01-12,0,0.0008046168100776342,0
4006,2020-01-13,0,0.0010169115494468683,0
4007,2020-01-14,0,0.0012825002021207845,0
4008,2020-01-15,0,0.00161395567843864,0
4009,2020-01-16,0,0.0020265966036726022,0
4010,2020-01-17,0,0.0025390334630181347,0
4011,2020-01-18,0,0.0031738128357086774,0
4012,2020-01-19,0,0.003958176070667297,0
4013,2020-01-20,0,0.00492495157445515,0
4014,2020-01-21,0,0.006113603241351242,0
4015,2020-01-22,0,0.007571461533356432,0
4016,2020-01-23,0,0.009355168380298054,0
4017,2020-01-24,0,0.011532372456932867,0
4018,2020-01-25,0,0.014183717503092273,0
4019,2020-01-26,0,0.017405173121808445,0
4020,2020-01-27,0,0.021310764774738224,0
4021,2020-01-28,0,0.026035767246803197,0
4022,2020-01-29,0,0.03174043330224712,0
4023,2020-01-30,0,0.038614336091334994,0
4024,2020-01-31,0,0.046881409427661364,0
4025,2020-02-01,0,0.05680577352152292,0
4026,2020-02-02,0,0.06869843415635493,0
4027,2020-02-03,0,0.08292493953290525,0
4028,2020-02-04,0,0.0999140698809589,0
4029,2020-02-05,0,0.120167619201448,0
4030,2020-02-06,0,0.1442713049160043,0
4031,2020-02-07,0,0.1729068086223475,0
4032,2020-02-08,0,0.20686490862529497,0
4033,2020-02-09,0,0.24705961177141877,0
4034,2020-02-10,0,0.29454312810659883,0
4035,2020-02-11,0,0.35052145727413825,0
4036,2020-02-12,0,0.4163702712941184,0
4037,2020-02-13,0,0.49365068607569024,0
4038,2020-02-14,0,0.5841244162031417,0
4039,2020-02-15,0,0.6897677075686487,0
4040,2020-02-16,0,0.8127833445430821,0
4041,2020-02-17,0,0.955609937653724,0
4042,2020-02-18,0,1.1209276199635478,0
4043,2020-02-19,0,1.3116592218467993,0
4044,2020-02-20,0,1.5309659612419495,0
4045,2020-02-21,0,1.7822366863163939,0
4046,2020-02-22,0,2.06906974597041,0
4047,2020-02-23,0,2.395246646084859,0
4048,2020-02-24,0,2.7646967799473496,0
4049,2020-02-25,1,3.181452702224182,0
4050,2020-02-26,0,3.6495956473942677,0
4051,2020-02-27,2,4.173191273451462,0
4052,2020-02-28,0,4.756215934891832,0
4053,2020-02-29,2,5.402474147632857,0
4054,2020-03-01,1,6.115508291806686,0
4055,2020-03-02,1,6.898501992914456,0
4056,2020-03-03,0,7.7541790119289296,0
4057,2020-03-04,2,8.684699843180995,0
4058,2020-03-05,1,9.691558546876848,0
4059,2020-03-06,0,10.775482612383733,0
4060,2020-03-07,1,11.936338841395699,0
4061,2020-03-08,1,13.173048341067881,0
4062,2020-03-09,0,14.483513713453535,0
4063,2020-03-10,0,15.86456141024605,0
4064,2020-03-11,2,17.31190198676423,0
4065,2020-03-12,5,18.820110637449304,0
4066,2020-03-13,0,20.382629933601844,0
4067,2020-03-14,13,21.991796125037887,0
4068,2020-03-15,6,23.638889728464818,1
4069,2020-03-16,11,25.314210429024655,0
4070,2020-03-17,8,27.007175593704293,0
4071,2020-03-18,8,28.706440964755867,0
4072,2020-03-19,16,30.400041397588,0
4073,2020-03-20,24,32.07554886001634,0
4074,2020-03-21,23,33.720244345548835,0
4075,2020-03-22,78,35.321299896297866,0
4076,2020-03-23,48,36.865966600165876,0
4077,2020-03-24,61,38.34176423533967,0
4078,2020-03-25,67,39.73666818954692,0
4079,2020-03-26,60,41.039289381854516,0
4080,2020-03-27,53,42.23904315417142,0
4081,2020-03-28,91,43.326303464983,0
4082,2020-03-29,71,44.29253919073506,0
4083,2020-03-30,56,45.13042989804501,0
4084,2020-03-31,77,45.833959067051566,0
4085,2020-04-01,77,46.39848339591147,0
4086,2020-04-02,96,46.82077747209301,0
4087,2020-04-03,48,47.09905373272004,0
4088,2020-04-04,68,47.232958231689395,0
4089,2020-04-05,47,47.223543267410896,0
4090,2020-04-06,56,47.07321838815081,0
4091,2020-04-07,40,46.785681673358525,0
4092,2020-04-08,60,46.36583348516059,0
4093,2020-04-09,61,45.81967509512382,0
4094,2020-04-10,64,45.15419472205983,0
4095,2020-04-11,88,44.37724357484009,0
4096,2020-04-12,39,43.4974044898442,0
4097,2020-04-13,66,42.52385569687541,0
4098,2020-04-14,50,41.4662321514345,0
4099,2020-04-15,54,40.33448674575775,0
4100,2020-04-16,37,39.13875356523766,0
4101,2020-04-17,50,37.88921519812232,0
4102,2020-04-18,23,36.59597593997703,0
4103,2020-04-19,18,35.26894256336597,0
4104,2020-04-20,39,33.91771414868872,0
4105,2020-04-21,10,32.55148229358233,0
4106,2020-04-22,27,31.178942834171764,0
4107,2020-04-23,42,29.808220019580286,0
4108,2020-04-24,31,28.446803879426092,0
4109,2020-04-25,28,27.101501311084004,0
4110,2020-04-26,7,25.77840118893448,0
4111,2020-04-27,14,24.482853562748335,0
4112,2020-04-28,9,23.219462769488423,1
4113,2020-04-29,8,21.99209403651742,0
4114,2020-04-30,15,20.803892910347123,0
4115,2020-05-01,14,19.65731661069708,0
4116,2020-05-02,9,18.55417619254075,0
4117,2020-05-03,3,17.495688207017096,0
4118,2020-05-04,8,16.482534393216458,0
4119,2020-05-05,5,15.51492781360834,0
4120,2020-05-06,11,14.592683771472263,0
4121,2020-05-07,7,13.715293822386503,0
4122,2020-05-08,6,12.882001214617546,0
4123,2020-05-09,36,12.091876163677476,0
4124,2020-05-10,15,11.343889480454795,0
4125,2020-05-11,11,10.636983223947846,0
4126,2020-05-12,9,9.970137230524625,0
4127,2020-05-13,11,9.342430572066164,0
4128,2020-05-14,6,8.753097204649093,0
4129,2020-05-15,8,8.201575276631228,0
4130,2020-05-16,1,7.687549759571539,0
4131,2020-05-17,2,7.210988237874471,0
4132,2020-05-18,2,6.772169835630128,0
4133,2020-05-19,2,6.37170736627475,0
4134,2020-05-20,4,6.010562859465871,0
4135,2020-05-21,2,5.690056649813632,0
4136,2020-05-22,3,5.411870206544204,0
4137,2020-05-23,6,5.178042847203312,0
4138,2020-05-24,0,4.990962419916476,0
4139,2020-05-25,1,4.853349967163293,0
4140,2020-05-26,0,4.768238310396846,0
4141,2020-05-27,0,4.738944430567643,0
4142,2020-05-28,0,4.769035475852326,0
4143,2020-05-29,1,4.8622882147447655,0
4144,2020-05-30,0,5.02264177844361,0
4145,2020-05-31,1,5.254143607005947,0
4146,2020-06-01,0,5.560888631884946,0
4147,2020-06-02,0,5.946951892742029,0
4148,2020-06-03,0,6.416314994837756,0
4149,2020-06-04,0,6.972787057444615,0
4150,2020-06-05,1,7.619921073029472,0
4151,2020-06-06,0,8.36092687821985,0
4152,2020-06-07,0,9.19858221564582,0
4153,2020-06-08,0,10.1351436243926,0
4154,2020-06-09,0,11.172259119632752,0
4155,2020-06-10,0,12.31088479354667,0
4156,2020-06-11,2,13.551207576302236,0
4157,2020-06-12,0,14.892576426905622,0
4158,2020-06-13,0,16.333444172047916,0
4159,2020-06-14,2,17.871322073788306,0
4160,2020-06-15,1,19.50274898575423,0
4161,2020-06-16,2,21.223276658886864,0
4162,2020-06-17,1,23.02747239243271,0
4163,2020-06-18,3,24.90893980860945,0
4164,2020-06-19,11,26.860358077996803,0
4165,2020-06-20,11,28.873539457157154,0
4166,2020-06-21,19,30.939504541104125,0
4167,2020-06-22,18,33.04857420145847,0
4168,2020-06-23,19,35.1904767952318,0
4169,2020-06-24,30,37.354468905058354,0
4170,2020-06-25,22,39.52946762133772,0
4171,2020-06-26,95,41.70419220744303,0
4172,2020-06-27,56,43.867312902990356,0
4173,2020-06-28,85,46.00760461393942,0
4174,2020-06-29,67,48.11410330369072,0
4175,2020-06-30,34,50.17626302353722,1
4176,2020-07-01,52,52.18411168738588,0
4177,2020-07-02,54,54.12840388569709,0
4178,2020-07-03,81,56.00076922711648,0
4179,2020-07-04,96,57.79385487364895,0
4180,2020-07-05,86,59.50146107860019,0
4181,2020-07-06,57,61.11866863117225,0
4182,2020-07-07,69,62.641957147137354,0
4183,2020-07-08,52,64.06931311620822,0
4184,2020-07-09,53,65.40032652412476,1
4185,2020-07-10,91,66.63627471760107,0
4186,2020-07-11,116,67.78019198542613,0
4187,2020-07-12,140,68.83692310672495,0
4188,2020-07-13,50,69.81315888952608,0
4189,2020-07-14,53,70.71745151434199,0
4190,2020-07-15,52,71.5602073351341,0
4191,2020-07-16,126,72.35365470059672,0
4192,2020-07-17,86,73.11178436738605,0
4193,2020-07-18,98,73.85026020578577,0
4194,2020-07-19,116,74.5862981646501,0
4195,2020-07-20,92,75.33851187754767,0
4196,2020-07-21,25,76.12672385993653,0
4197,2020-07-22,52,76.97174196413995,0
4198,2020-07-23,108,77.89510161278072,0
4199,2020-07-24,104,78.91877530185049,0
4200,2020-07-25,81,80.06485192362607,0
4201,2020-07-26,77,81.35518957214337,0
4202,2020-07-27,65,82.81104661918646,0
4203,2020-07-28,24,84.45269694194306,0
4204,2020-07-29,42,86.29903619763598,0
4205,2020-07-30,70,88.36718692847232,0
4206,2020-07-31,78,90.6721109971712,0
4207,2020-08-01,68,93.22623835844452,0
4208,2020-08-02,85,96.03912143083129,0
4209,2020-08-03,36,99.11712432023434,0
4210,2020-08-04,34,102.46315584525702,0
4211,2020-08-05,24,106.0764547198991,0
4212,2020-08-06,58,109.95243436797205,0
4213,2020-08-07,28,114.08259369422225,0
4214,2020-08-08,62,118.4544987495446,0
4215,2020-08-09,77,123.05183864224057,0
4216,2020-08-10,61,127.85455731343207,0
4217,2020-08-11,45,132.8390609689408,0
4218,2020-08-12,91,137.97849910336745,0
4219,2020-08-13,130,143.24311522814097,0
4220,2020-08-14,180,148.60066168681095,0
4221,2020-08-15,208,154.0168713675373,0
4222,2020-08-16,162,159.45597775856177,0
4223,2020-08-17,151,164.88127368346687,0
4224,2020-08-18,85,170.25569823541227,1
4225,2020-08-19,199,175.5424409282,0
4226,2020-08-20,219,180.70555190973147,0
4227,2020-08-21,255,185.7105472404334,0
4228,2020-08-22,265,190.5249987135398,0
4229,2020-08-23,306,195.1190984621378,0
4230,2020-08-24,275,199.4661896256993,0
4231,2020-08-25,136,203.54325559371506,0
4232,2020-08-26,219,207.33136175643818,0
4233,2020-08-27,358,210.8160452181943,1
4234,2020-08-28,304,213.98764951015943,0
4235,2020-08-29,357,216.84160291932017,0
4236,2020-08-30,312,219.37864057245764,0
4237,2020-08-31,262,221.6049718257569,0
4238,2020-09-01,146,223.53239576439148,0
4239,2020-09-02,145,225.17836867092166,0
4240,2020-09-03,311,226.56602814275894,0
4241,2020-09-04,369,227.72417910167343,0
4242,2020-09-05,334,228.68724722541006,0
4243,2020-09-06,311,229.49520533484863,0
4244,2020-09-07,225,230.1934779905436,0
4245,2020-09-08,117,230.83282899930754,0
4246,2020-09-09,204,231.46923572242505,0
4247,2020-09-10,341,232.16375303760117,0
4248,2020-09-11,291,232.98236856970018,0
4249,2020-09-12,190,233.9958494103242,0
4250,2020-09-13,261,235.27957903916706,0
4251,2020-09-14,165,236.9133815923588,0
4252,2020-09-15,65,238.98132905123728,0
4253,2020-09-16,151,241.57152541010166,0
4254,2020-09-17,280,244.77586048806302,0
4255,2020-09-18,250,248.68972484535735,0
4256,2020-09-19,234,253.4116763171248,0
4257,2020-09-20,212,259.0430480564144,0
4258,2020-09-21,197,265.68748774985255,0
4259,2020-09-22,70,273.45041789664754,0
4260,2020-09-23,144,282.4384077800507,0
4261,2020-09-24,204,292.75844905556426,0
4262,2020-09-25,232,304.51712876380935,0
4263,2020-09-26,223,317.81969606222276,0
4264,2020-09-27,212,332.7690220512924,0
4265,2020-09-28,190,349.46445571528926,0
4266,2020-09-29,48,368.00058314335297,0
4267,2020-09-30,135,388.4659017522888,0
4268,2020-10-01,213,410.9414260733329,0
4269,2020-10-02,234,435.499246635205,0
4270,2020-10-03,333,462.2010683890163,0
4271,2020-10-04,241,491.0967597653388,0
4272,2020-10-05,258,522.2229475991585,0
4273,2020-10-06,138,555.6016965631135,0
4274,2020-10-07,287,591.2393141721013,0
4275,2020-10-08,363,629.1253236342552,0
4276,2020-10-09,542,669.2316466216237,0
4277,2020-10-10,457,711.5120362557304,0
4278,2020-10-11,486,755.9017971390786,0
4279,2020-10-12,508,802.3178240696379,0
4280,2020-10-13,181,850.658984183024,0
4281,2020-10-14,372,900.8068587901765,0
4282,2020-10-15,748,952.6268513155079,0
4283,2020-10-16,793,1005.9696567734271,0
4284,2020-10-17,1131,1060.6730765078032,0
4285,2020-10-18,1096,1116.564149881886,0
4286,2020-10-19,819,1173.4615627161927,0
4287,2020-10-20,393,1231.1782810276131,0
4288,2020-10-21,890,1289.5243485275707,0
4289,2020-10-22,1424,1348.3097778731178,0
4290,2020-10-23,1563,1407.3474592684527,0
4291,2020-10-24,1867,1466.4560060512665,0
4292,2020-10-25,2242,1525.46245564175,0
4293,2020-10-26,2421,1584.2047458453737,0
4294,2020-10-27,828,1642.5338910249254,1
4295,2020-10-28,1413,1700.315790005777,0
4296,2020-10-29,2378,1757.4326075368826,0
4297,2020-10-30,2776,1813.783683364797,0
4298,2020-10-31,2772,1869.2859370505535,0
4299,2020-11-01,2769,1923.8737520458537,0
4300,2020-11-02,2179,1977.4983386625338,0
4301,2020-11-03,1165,2030.126591802903,0
4302,2020-11-04,1427,2081.739475051993,0
4303,2020-11-05,2480,2132.329977378303,0
4304,2020-11-06,2848,2181.900701715769,0
4305,2020-11-07,2890,2230.46115565609,0
4306,2020-11-08,2399,2278.0248230177112,0
4307,2020-11-09,2543,2324.6061009401674,0
4308,2020-11-10,1529,2370.217190266787,0
4309,2020-11-11,1467,2414.865027332464,0
4310,2020-11-12,2597,2458.548342989247,0
4311,2020-11-13,3082,2501.2549300051933,0
4312,2020-11-14,3056,2542.9591931697482,0
4313,2020-11-15,2866,2583.620047901211,0
4314,2020-11-16,2362,2623.179223285249,0
4315,2020-11-17,1313,2661.560014695736,0
4316,2020-11-18,1945,2698.6665198650276,0
4317,2020-11-19,3251,2734.383380850241,0
4318,2020-11-20,3164,2768.576043101894,0
4319,2020-11-21,2958,2801.0915320331137,0
4320,2020-11-22,3573,2831.7597372907376,0
4321,2020-11-23,3308,2860.3951854507095,0
4322,2020-11-24,1973,2886.7992731390727,0
4323,2020-11-25,2323,2910.762924600767,0
4324,2020-11-26,3603,2932.0696304463786,0
4325,2020-11-27,4009,2950.4988176259562,0
4326,2020-11-28,4080,2965.8294945337148,0
4327,2020-11-29,3987,2977.84410948228,0
4328,2020-11-30,2919,2986.332555583126,0
4329,2020-12-01,1830,2991.096250365681,0
4330,2020-12-02,2900,2991.95221435678,0
4331,2020-12-03,3539,2988.7370694823203,0
4332,2020-12-04,4534,2981.310875759089,0
4333,2020-12-05,3955,2969.560723576639,0
4334,2020-12-06,4084,2953.4039992128,0
4335,2020-12-07,2899,2932.791243370403,0
4336,2020-12-08,1886,2907.708526730463,0
4337,2020-12-09,2613,2878.179272998107,0
4338,2020-12-10,4520,2844.2654688003227,0
4339,2020-12-11,4620,2806.068211101483,0
4340,2020-12-12,4396,2763.7275564318834,0
4341,2020-12-13,4135,2717.4216519386305,0
4342,2020-12-14,3363,2667.365145692009,0
4343,2020-12-15,1472,2613.806892308905,0
4344,2020-12-16,2360,2557.0269891699177,0
4345,2020-12-17,3327,2497.3331976045856,0
4346,2020-12-18,3918,2435.056821643517,0
4347,2020-12-19,3272,2370.5481335187783,0
4348,2020-12-20,2752,2304.171449296681,0
4349,2020-12-21,1975,2236.299969185675,0
4350,2020-12-22,766,2167.3105046254695,0
4351,2020-12-23,1595,2097.5782178295813,0
4352,2020-12-24,2763,2027.4714987948562,0
4353,2020-12-25,2233,1957.3470998732687,0
4354,2020-12-26,1643,1887.5456389859892,0
4355,2020-12-27,350,1818.3875698019733,0
4356,2020-12-28,618,1750.16970123249,0
4357,2020-12-29,316,1683.162330085406,1
4358,2020-12-30,1350,1617.6070304666798,0
4359,2020-12-31,1850,1553.7151223685,0
4360,2021-01-01,2391,1491.6668207249543,0
4361,2021-01-02,1170,1431.6110459060742,0
4362,2021-01-03,255,1373.6658579527839,0
4363,2021-01-04,696,1317.919460517332,0
4364,2021-01-05,361,1264.4317070184825,0
4365,2021-01-06,1071,1213.236031341271,0
4366,2021-01-07,1896,1164.3417187282791,0
4367,2021-01-08,562,1117.7364293689373,0
4368,2021-01-09,1098,1073.3888874730208,0
4369,2021-01-10,1401,1031.2516520400095,0
4370,2021-01-11,646,991.2638917047526,0
4371,2021-01-12,230,953.3540944504102,0
4372,2021-01-13,759,917.4426530644115,0
4373,2021-01-14,1135,883.4442783733184,0
4374,2021-01-15,980,851.2702039312691,0
4375,2021-01-16,715,820.8301573910281,0
4376,2021-01-17,763,792.034084753623,0
4377,2021-01-18,379,764.7936236509071,0
4378,2021-01-19,174,739.0233304403773,0
4379,2021-01-20,520,714.6416729631927,0
4380,2021-01-21,902,691.5718062206462,0
4381,2021-01-22,776,669.7421519489548,0
4382,2021-01-23,643,649.0868051959277,0
4383,2021-01-24,599,629.5457916815676,0
4384,2021-01-25,352,611.0651991729142,0
4385,2021-01-26,134,593.597204576455,0
4386,2021-01-27,448,577.1000162244201,0
4387,2021-01-28,857,561.5377481808315,0
4388,2021-01-29,619,546.8802405799186,0
4389,2021-01-30,561,533.1028372638862,0
4390,2021-01-31,551,520.1861294979905,0
4391,2021-02-01,336,508.1156724485662,0
4392,2021-02-02,94,496.88167950170845,0
4393,2021-02-03,387,486.47869841190686,0
4394,2021-02-04,730,476.905272687203,0
4395,2021-02-05,516,468.1635914837232,0
4396,2021-02-06,549,460.25913150678787,0
4397,2021-02-07,424,453.20029488298525,0
4398,2021-02-08,276,446.9980475490517,0
4399,2021-02-09,71,441.665563267997,0
4400,2021-02-10,283,437.21787880744057,0
4401,2021-02-11,577,433.67156599334544,0
4402,2021-02-12,376,431.04442620249677,0
4403,2021-02-13,371,429.3552123273635,0
4404,2021-02-14,379,428.6233823187649,0
4405,2021-02-15,198,428.8688871004496,0
4406,2021-02-16,68,430.11199400344293,0
4407,2021-02-17,274,432.3731449642722,0
4408,2021-02-18,502,435.67284667145947,0
4409,2021-02-19,365,440.03158774800886,0
4410,2021-02-20,388,445.4697760528294,0
4411,2021-02-21,431,452.00768740174544,0
4412,2021-02-22,260,459.66541557303043,0
4413,2021-02-23,72,468.46281248317746,0
4414,2021-02-24,343,478.4194069845426,0
4415,2021-02-25,688,489.554290909265,0
4416,2021-02-26,544,501.8859617938438,0
4417,2021-02-27,505,515.4321131623439,0
4418,2021-02-28,520,530.209365284929,0
4419,2021-03-01,356,546.2329318899615,0
4420,2021-03-02,91,563.5162212887179,0
4421,2021-03-03,394,582.0703736416176,0
4422,2021-03-04,747,601.9037395025331,0
4423,2021-03-05,667,623.0213081582966,0
4424,2021-03-06,590,645.424097463152,0
4425,2021-03-07,658,669.1085196845914,0
4426,2021-03-08,394,694.0657401713561,0
4427,2021-03-09,94,720.2810472900319,0
4428,2021-03-10,491,747.7332529454351,0
4429,2021-03-11,962,776.3941430286472,0
4430,2021-03-12,777,806.2279962924516,0
4431,2021-03-13,823,837.1911884484699,0
4432,2021-03-14,823,869.2318957707274,0
4433,2021-03-15,561,902.2899092787181,0
4434,2021-03-16,129,936.2965668029672,0
4435,2021-03-17,691,971.1748060868748,0
4436,2021-03-18,1445,1006.8393377571217,0
4437,2021-03-19,1197,1043.1969327249822,0
4438,2021-03-20,1112,1080.146814591555,0
4439,2021-03-21,1186,1117.5811441422845,0
4440,2021-03-22,834,1155.3855802299136,1
4441,2021-03-23,150,1193.4398994258934,0
4442,2021-03-24,956,1231.6186558880422,0
4443,2021-03-25,1891,1269.791863012039,0
4444,2021-03-26,1673,1307.8256796097287,0
4445,2021-03-27,1802,1345.5830855281602,0
4446,2021-03-28,1790,1382.9245346667858,0
4447,2021-03-29,1321,1419.7085770864744,0
4448,2021-03-30,300,1455.7924461049904,0
4449,2021-03-31,1487,1491.0326106768964,0
4450,2021-04-01,2623,1525.2852976796755,0
4451,2021-04-02,2422,1558.4069926889372,0
4452,2021-04-03,2362,1590.25493115712,0
4453,2021-04-04,2234,1620.6875943792404,0
4454,2021-04-05,1376,1649.565226052827,0
4455,2021-04-06,138,1676.750385495953,0
4456,2021-04-07,735,1702.1085526269178,0
4457,2021-04-08,1649,1725.508797655629,0
4458,2021-04-09,3217,1746.8245251879744,0
4459,2021-04-10,2599,1765.934298265778,0
4460,2021-04-11,2535,1782.7227429791906,0
4461,2021-04-12,1617,1797.0815289616091,0
4462,2021-04-13,422,1808.910415602266,0
4463,2021-04-14,1936,1818.118348489631,0
4464,2021-04-15,3099,1824.6245857211663,0
4465,2021-04-16,2927,1828.3598295463305,0
4466,2021-04-17,2698,1829.2673355726042,0
4467,2021-04-18,2627,1827.3039696281137,0
4468,2021-04-19,1565,1822.441181446998,0
4469,2021-04-20,410,1814.6658646682695,0
4470,2021-04-21,2106,1803.9810741943506,0
4471,2021-04-22,3117,1790.4065746608073,0
4472,2021-04-23,2885,1773.9791974911516,0
4473,2021-04-24,2529,1754.752988575123,0
4474,2021-04-25,2535,1732.7991338112001,0
4475,2021-04-26,1254,1708.205655372523,0
4476,2021-04-27,410,1681.0768773636223,0
4477,2021-04-28,1797,1651.5326653136879,0
4478,2021-04-29,2904,1619.7074494977312,0
4479,2021-04-30,2439,1585.7490472112795,0
4480,2021-05-01,2007,1549.8173036987873,0
4481,2021-05-02,2046,1512.0825753354418,0
4482,2021-05-03,944,1472.7240818056052,0
4483,2021-05-04,349,1431.9281563613072,0
4484,2021-05-05,1396,1389.8864247647382,0
4485,2021-05-06,2494,1346.79394423111,0
4486,2021-05-07,1640,1302.8473336274674,0
4487,2021-05-08,1435,1258.242925403364,0
4488,2021-05-09,1342,1213.1749682995096,0
4489,2021-05-10,665,1167.8339078800373,0
4490,2021-05-11,253,1122.4047694490955,0
4491,2021-05-12,876,1077.0656650329067,0
4492,2021-05-13,1471,1031.9864429249124,0
4493,2021-05-14,1064,987.3274948937258,0
4494,2021-05-15,926,943.2387326277633,1
4495,2021-05-16,826,899.8587414188546,0
4496,2021-05-17,480,857.3141155465715,0
4497,2021-05-18,116,815.7189763859153,0
4498,2021-05-19,491,775.1746709868266,0
4499,2021-05-20,1000,735.769645820651,0
4500,2021-05-21,695,697.5794876040322,0
4501,2021-05-22,525,660.6671206344048,0
4502,2021-05-23,518,625.0831479343252,0
4503,2021-05-24,251,590.8663217270253,0
4504,2021-05-25,74,558.0441273670156,0
4505,2021-05-26,323,526.6334638335825,0
4506,2021-05-27,538,496.6414032602206,0
4507,2021-05-28,375,468.0660117109617,0
4508,2021-05-29,321,440.89721351032335,0
4509,2021-05-30,338,415.11768186652495,0
4510,2021-05-31,186,390.70373927187893,0
4511,2021-06-01,40,367.6262521896404,0
4512,2021-06-02,216,345.8515058089474,0
4513,2021-06-03,432,325.34204613143845,0
4514,2021-06-04,280,306.05747830461513,0
4515,2021-06-05,88,287.95521189577335,0
4516,2021-06-06,211,270.99114566256196,0
4517,2021-06-07,157,255.12028627721685,0
4518,2021-06-08,43,240.2972973563984,0
4519,2021-06-09,178,226.47697699313198,0
4520,2021-06-10,275,213.6146637391513,0
4521,2021-06-11,184,201.66657260524426,0
4522,2021-06-12,134,190.59006409828066,0
4523,2021-06-13,125,180.3438505658536,0
4524,2021-06-14,59,170.8881451486152,0
4525,2021-06-15,18,162.1847594294897,0
4526,2021-06-16,96,154.19715640920185,0
4527,2021-06-17,146,146.89046572884808,0
4528,2021-06-18,95,140.23146811128484,0
4529,2021-06-19,113,134.18855582121225,0
4530,2021-06-20,84,128.73167557420123,0
4531,2021-06-21,58,123.83225978951954,0
4532,2021-06-22,11,119.46315141767977,0
4533,2021-06-23,75,115.5985268217862,0
4534,2021-06-24,43,112.2138203939315,0
4535,2021-06-25,101,109.28565378515381,0
4536,2021-06-26,118,106.79177185781738,0
4537,2021-06-27,86,104.71098676569095,0
4538,2021-06-28,45,103.02313095565505,0
4539,2021-06-29,14,101.70901938402574,0
4540,2021-06-30,70,100.75042085924107,0
4541,2021-07-01,136,100.13003816141162,0
4542,2021-07-02,103,99.83149643962325,0
4543,2021-07-03,92,99.83933933388944,0
4544,2021-07-04,114,100.13903228809944,0
4545,2021-07-05,56,100.71697258675805,0
4546,2021-07-06,9,101.56050573329932,0
4547,2021-07-07,96,102.65794786310047,0
4548,2021-07-08,141,103.99861392448574,0
4549,2021-07-09,110,105.57285134519347,0
4550,2021-07-10,87,107.37207881570777,0
4551,2021-07-11,88,109.38882965805936,0
4552,2021-07-12,58,111.6167990112221,0
4553,2021-07-13,15,114.05089376266807,0
4554,2021-07-14,83,116.68728380855855,0
4555,2021-07-15,155,119.5234528577003,0
4556,2021-07-16,139,122.55824663697867,0
4557,2021-07-17,131,125.79191604136828,0
4558,2021-07-18,139,129.22615253287967,0
4559,2021-07-19,107,132.86411296053674,0
4560,2021-07-20,18,136.7104309733414,0
4561,2021-07-21,146,140.77121234851808,0
4562,2021-07-22,191,145.05401186738925,0
4563,2021-07-23,179,149.56778983983892,0
4564,2021-07-24,176,154.32284699327627,0
4565,2021-07-25,191,159.3307371802549,0
4566,2021-07-26,125,164.6041581873424,0
4567,2021-07-27,27,170.15682180501238,0
4568,2021-07-28,193,176.00330519661756,0
4569,2021-07-29,198,182.15888643285612,0
4570,2021-07-30,188,188.63936778521716,0
4571,2021-07-31,170,195.46089094923698,0
4572,2021-08-01,218,202.6397487537455,0
4573,2021-08-02,143,210.19219807240265,0
4574,2021-08-03,29,218.1342785671787,0
4575,2021-08-04,186,226.48164155199447,0
4576,2021-08-05,271,235.24939267526648,0
4577,2021-08-06,247,244.45195130449395,0
4578,2021-08-07,108,254.10292849080406,0
4579,2021-08-08,233,264.21502424635753,0
4580,2021-08-09,213,274.79994364361335,0
4581,2021-08-10,44,285.86833001178405,0
4582,2021-08-11,246,297.42971233622916,0
4583,2021-08-12,381,309.4924629357448,0
4584,2021-08-13,333,322.0637606721781,0
4585,2021-08-14,308,335.1495544006944,0
4586,2021-08-15,367,348.7545211503026,0
4587,2021-08-16,298,362.8820136712385,0
4588,2021-08-17,46,377.53399251939317,0
4589,2021-08-18,341,392.71093876951136,0
4590,2021-08-19,524,408.41174473912554,0
4591,2021-08-20,486,424.633581724133,0
4592,2021-08-21,468,441.3717456347756,0
4593,2021-08-22,505,458.61948349996777,0
4594,2021-08-23,373,476.367805986052,0
4595,2021-08-24,73,494.6052932498963,0
4596,2021-08-25,470,513.3179035062476,0
4597,2021-08-26,677,532.4887955248291,0
4598,2021-08-27,638,552.0981777775826,0
4599,2021-08-28,596,572.1231980343346,0
4600,2021-08-29,595,592.5378877746838,0
4601,2021-08-30,377,613.3131757834092,0
4602,2021-08-31,139,634.4169846879579,0
4603,2021-09-01,668,655.8144229674309,0
4604,2021-09-02,805,677.4680831281919,0
4605,2021-09-03,798,699.3384543442755,0
4606,2021-09-04,816,721.3844549692903,0
4607,2021-09-05,882,743.5640870311743,0
4608,2021-09-06,539,765.83521123073,0
4609,2021-09-07,184,788.1564372007972,0
4610,2021-09-08,704,810.4881199730746,0
4611,2021-09-09,1237,832.7934498718412,0
4612,2021-09-10,941,855.0396195294645,0
4613,2021-09-11,1042,877.1990485068077,0
4614,2021-09-12,1162,899.2506431944726,0
4615,2021-09-13,807,921.1810673399794,0
4616,2021-09-14,167,942.9859967409413,0
4617,2021-09-15,974,964.671330392398,0
4618,2021-09-16,1835,986.2543296846311,0
4619,2021-09-17,1369,1007.7646571057585,0
4620,2021-09-18,1394,1029.2452862882037,0
4621,2021-09-19,1455,1050.753256119322,0
4622,2021-09-20,875,1072.3602429811735,0
4623,2021-09-21,264,1094.152926962592,0
4624,2021-09-22,1037,1116.2331300744363,0
4625,2021-09-23,1812,1138.717707081204,0
4626,2021-09-24,1373,1161.738172533075,0
4627,2021-09-25,1291,1185.4400509436207,0
4628,2021-09-26,1293,1209.981940815653,0
4629,2021-09-27,837,1235.5342873758912,0
4630,2021-09-28,217,1262.2778634360159,0
4631,2021-09-29,1061,1290.4019627372645,0
4632,2021-09-30,1911,1320.1023154220456,0
4633,2021-10-01,1710,1351.578740848105,0
4634,2021-10-02,1517,1385.032558729336,0
4635,2021-10-03,1448,1420.6637854344601,0
4636,2021-10-04,944,1458.6681480557295,0
4637,2021-10-05,219,1499.2339544085698,0
4638,2021-10-06,1074,1542.538862259809,0
4639,2021-10-07,1925,1588.7465956233775,0
4640,2021-10-08,1748,1638.003659732111,0
4641,2021-10-09,1691,1690.4361091353153,0
4642,2021-10-10,1594,1746.146425156491,0
4643,2021-10-11,908,1805.2105595842165,0
4644,2021-10-12,170,1867.6752009158708,0
4645,2021-10-13,1007,1933.5553177280713,0
4646,2021-10-14,2022,2002.832030853402,0
4647,2021-10-15,1851,2075.4508620820106,0
4648,2021-10-16,1758,2151.32040219073,0
4649,2021-10-17,1947,2230.3114353619117,0
4650,2021-10-18,1301,2312.256550625837,0
4651,2021-10-19,319,2396.950263976717,0
4652,2021-10-20,1741,2484.149667390153,0
4653,2021-10-21,3162,2573.575613206148,0
4654,2021-10-22,3053,2664.9144343096045,0
4655,2021-10-23,3258,2757.820192292001,0
4656,2021-10-24,3585,2851.917437352149,1
4657,2021-10-25,2293,2946.8044551259904,0
4658,2021-10-26,680,3042.0569669713204,0
4659,2021-10-27,3360,3137.232241544526,0
4660,2021-10-28,4571,3231.8735669029807,0
4661,2021-10-29,4154,3325.5150240089924,0
4662,2021-10-30,4392,3417.686494614387,0
4663,2021-10-31,4547,3507.9188293397674,0
4664,2021-11-01,3319,3595.7490956467823,0
4665,2021-11-02,1126,3680.725820684675,0
4666,2021-11-03,785,3762.4141410328943,0
4667,2021-11-04,4573,3840.400770500074,0
4668,2021-11-05,6310,3914.298698668,0
4669,2021-11-06,6932,3983.7515369986154,0
4670,2021-11-07,7094,4048.4374361553632,0
4671,2021-11-08,4159,4108.072507697721,0
4672,2021-11-09,1242,4162.41369531369,0
4673,2021-11-10,4966,4211.261054931449,0
4674,2021-11-11,7315,4254.4594189266245,0
4675,2021-11-12,6987,4291.89943661726,0
4676,2021-11-13,6449,4323.518000619988,0
4677,2021-11-14,6315,4349.298085674662,0
4678,2021-11-15,4151,4369.268042462682,0
4679,2021-11-16,1135,4383.500403011208,0
4680,2021-11-17,4443,4392.11026583392,0
4681,2021-11-18,6670,4395.253337471791,0
4682,2021-11-19,7270,4393.123712179569,0
4683,2021-11-20,2234,4385.95147294759,0
4684,2021-11-21,5614,4374.000194832794,0
4685,2021-11-22,4262,4357.564425862478,0
4686,2021-11-23,1327,4336.967211906328,0
4687,2021-11-24,4926,4312.557720371908,0
4688,2021-11-25,6136,4284.709003966744,0
4689,2021-11-26,6246,4253.8159307661,0
4690,2021-11-27,5460,4220.2932911464795,0
4691,2021-11-28,5502,4184.574076508694,0
4692,2021-11-29,3339,4147.107909802475,0
4693,2021-11-30,1031,4108.359594294813,0
4694,2021-12-01,3858,4068.807735327399,1
4695,2021-12-02,5709,4028.9433804151163,0
4696,2021-12-03,5341,3989.268616271296,0
4697,2021-12-04,4521,3950.2950574223605,0
4698,2021-12-05,4465,3912.5421601092535,0
4699,2021-12-06,2796,3876.5352971853627,0
4700,2021-12-07,728,3842.8035346466995,0
4701,2021-12-08,3262,3811.877058129663,0
4702,2021-12-09,4751,3784.2842079775874,0
4703,2021-12-10,4428,3760.5480940393145,0
4704,2021-12-11,3797,3741.1827758921218,0
4705,2021-12-12,3860,3726.6890102905963,0
4706,2021-12-13,2339,3717.549584888699,0
4707,2021-12-14,453,3714.2242751653157,0
4708,2021-12-15,3071,3717.1444794542654,0
4709,2021-12-16,4671,3726.7076044445475,0
4710,2021-12-17,3765,3743.2712898524214,0
4711,2021-12-18,3778,3767.1475755376932,0
4712,2021-12-19,3487,3798.597126518627,0
4713,2021-12-20,1936,3837.823640549132,0
4714,2021-12-21,2803,3884.9685686454663,0
4715,2021-12-22,367,3940.1062807788335,0
4716,2021-12-23,4226,4003.23980660992,0
4717,2021-12-24,3831,4074.2972745177626,0
4718,2021-12-25,3241,4153.129161333616,0
4719,2021-12-26,3271,4239.50645038597,0
4720,2021-12-27,151,4333.119777138569,0
4721,2021-12-28,560,4433.5796204766375,0
4722,2021-12-29,4139,4540.41757433418,0
4723,2021-12-30,5768,4653.0887097357545,0
4724,2021-12-31,5958,4770.975012395439,0
4725,2022-01-01,5567,4893.389856734342,0
4726,2022-01-02,5293,5019.583454468098,0
4727,2022-01-03,413,5148.7491956073745,0
4728,2022-01-04,1103,5280.030782498334,1
4729,2022-01-05,5845,5412.530043918798,0
4730,2022-01-06,8587,5545.315306547347,0
4731,2022-01-07,9058,5677.430195426192,0
4732,2022-01-08,3911,5807.902733218596,0
4733,2022-01-09,8817,5935.754609792853,0
4734,2022-01-10,7333,6060.010498454785,0
4735,2022-01-11,1578,6179.707302380591,0
4736,2022-01-12,7956,6293.90322377687,0
4737,2022-01-13,9894,6401.686558297535,0
4738,2022-01-14,9157,6502.184127592467,0
4739,2022-01-15,8555,6594.5692729450275,0
4740,2022-01-16,8958,6678.069342291096,0
4741,2022-01-17,5732,6751.972611168818,0
4742,2022-01-18,1397,6815.634585160471,0
4743,2022-01-19,7548,6868.483637159749,0
4744,2022-01-20,10427,6910.025937489893,0
4745,2022-01-21,11343,6939.8496388027215,0
4746,2022-01-22,11114,6957.628281193318,0
4747,2022-01-23,10701,6963.123386511163,0
4748,2022-01-24,7095,6956.18621488297,0
4749,2022-01-25,1831,6936.758661394725,0
4750,2022-01-26,8471,6904.873277038253,0
4751,2022-01-27,11812,6860.652405626222,0
4752,2022-01-28,10500,6804.306437495803,0
4753,2022-01-29,9924,6736.131191384813,0
4754,2022-01-30,9904,6656.504447657178,0
4755,2022-01-31,6220,6565.8816687264,0
4756,2022-02-01,1445,6464.790955617726,0
4757,2022-02-02,7385,6353.827302588495,0
4758,2022-02-03,10003,6233.646224022298,0
4759,2022-02-04,8815,6104.956838864086,0
4760,2022-02-05,8094,5968.51450715383,0
4761,2022-02-06,7536,5825.113120314432,0
4762,2022-02-07,4780,5675.577151436989,0
4763,2022-02-08,1270,5520.753573699869,0
4764,2022-02-09,5545,5361.503754219206,0
4765,2022-02-10,7868,5198.6954271641935,0
4766,2022-02-11,6341,5033.194844122138,0
4767,2022-02-12,5169,4865.859191820901,0
4768,2022-02-13,2730,4697.52935785258,0
4769,2022-02-14,5212,4529.023114488082,0
4770,2022-02-15,452,4361.128779543633,0
4771,2022-02-16,3410,4194.599402056867,0
4772,2022-02-17,5795,4030.147509704309,0
4773,2022-02-18,4461,3868.440444821731,1
4774,2022-02-19,3599,3710.0963068571014,0
4775,2022-02-20,3525,3555.6805112697743,0
4776,2022-02-21,2055,3405.702968355835,0
4777,2022-02-22,312,3260.6158801904894,0
4778,2022-02-23,1810,3120.8121497034786,0
4779,2022-02-24,3774,2986.6243926389334,0
4780,2022-02-25,2559,2858.3245405426355,0
4781,2022-02-26,2030,2736.1240206885323,0
4782,2022-02-27,1871,2620.174496725463,0
4783,2022-02-28,1028,2510.5691515436133,0
4784,2022-03-01,198,2407.3444912244495,0
4785,2022-03-02,1149,2310.4826458080042,0
4786,2022-03-03,2510,2219.914138921097,0
4787,2022-03-04,1625,2135.521094071383,0
4788,2022-03-05,1351,2057.1408407123117,0
4789,2022-03-06,1524,1984.5698781778108,0
4790,2022-03-07,875,1917.5681504814668,0
4791,2022-03-08,157,1855.8635800188968,0
4792,2022-03-09,1016,1799.1568036675885,0
4793,2022-03-10,2588,1747.1260509071265,0
4794,2022-03-11,1728,1699.4321006251744,0
4795,2022-03-12,1538,1655.7232514329794,0
4796,2022-03-13,1575,1615.6402397396532,0
4797,2022-03-14,956,1578.8210406170817,0
4798,2022-03-15,141,1544.9054886514866,0
4799,2022-03-16,1179,1513.5396594827362,0
4800,2022-03-17,2659,1484.3799574765064,0
4801,2022-03-18,2032,1457.0968608034977,0
4802,2022-03-19,1939,1431.3782819191322,0
4803,2022-03-20,1775,1406.932508824505,0
4804,2022-03-21,901,1383.4907003102728,0
4805,2022-03-22,292,1360.8089164064838,0
4806,2022-03-23,1254,1338.66967326504,0
4807,2022-03-24,2077,1316.8830194945554,0
4808,2022-03-25,2061,1295.2871383910465,0
4809,2022-03-26,1815,1273.7484874411612,0
4810,2022-03-27,1587,1252.1614928365059,0
4811,2022-03-28,961,1230.4478224845209,0
4812,2022-03-29,143,1208.5552661222478,0
4813,2022-03-30,913,1186.4562556487583,0
4814,2022-03-31,2294,1164.14606272067,0
4815,2022-04-01,1767,1141.6407140408598,0
4816,2022-04-02,1442,1118.974667648455,0
4817,2022-04-03,1303,1096.198295912929,0
4818,2022-04-04,809,1073.3752228541514,0
4819,2022-04-05,97,1050.5795648396547,0
4820,2022-04-06,835,1027.8931246143406,0
4821,2022-04-07,1653,1005.4025889396099,0
4822,2022-04-08,1242,983.1967797861671,0
4823,2022-04-09,1091,961.364007956235,0
4824,2022-04-10,903,939.9895761256328,0
4825,2022-04-11,515,919.1534755235637,0
4826,2022-04-12,82,898.928316758236,0
4827,2022-04-13,699,879.3775306305114,0
4828,2022-04-14,1142,860.5538691753843,0
4829,2022-04-15,834,842.498230696956,0
4830,2022-04-16,668,825.2388253291092,0
4831,2022-04-17,644,808.7906898213896,0
4832,2022-04-18,382,793.1555520212709,0
4833,2022-04-19,30,778.3220371399815,0
4834,2022-04-20,116,764.2661996154873,0
4835,2022-04-21,478,750.9523565023708,0
4836,2022-04-22,1301,738.3341911026989,0
4837,2022-04-23,839,726.356089267132,0
4838,2022-04-24,894,714.9546656737213,0
4839,2022-04-25,560,704.0604336218863,0
4840,2022-04-26,87,693.5995695953479,0
4841,2022-04-27,704,683.495723122724,0
4842,2022-04-28,1390,673.6718233039963,0
4843,2022-04-29,850,664.051835714419,0
4844,2022-04-30,896,654.5624271205718,0
4845,2022-05-01,797,645.1345003658262,0
4846,2022-05-02,523,635.7045676779209,0
4847,2022-05-03,47,626.215937259235,0
4848,2022-05-04,549,616.6196950604922,0
4849,2022-05-05,1184,606.8754708253682,0
4850,2022-05-06,961,596.9519845499921,0
4851,2022-05-07,778,586.8273761725026,0
4852,2022-05-08,835,576.489327371326,0
4853,2022-05-09,406,565.9349896255139,0
4854,2022-05-10,57,555.1707370421877,0
4855,2022-05-11,440,544.2117658001382,0
4856,2022-05-12,960,533.0815643595702,0
4857,2022-05-13,637,521.8112798566839,0
4858,2022-05-14,726,510.43900639029414,0
4859,2022-05-15,543,499.0090203022157,0
4860,2022-05-16,42,487.57098616625194,0
4861,2022-05-17,345,476.17915516280607,0
4862,2022-05-18,406,464.89157496754774,0
4863,2022-05-19,773,453.7693273655459,0
4864,2022-05-20,468,442.8758066548003,0
4865,2022-05-21,426,432.276048653717,0
4866,2022-05-22,462,422.03611689123113,0
4867,2022-05-23,205,412.2225494363011,0
4868,2022-05-24,37,402.9018668996717,0
4869,2022-05-25,272,394.1401394839228,0
4870,2022-05-26,587,386.0026086222365,0
4871,2022-05-27,421,378.5533567737433,0
4872,2022-05-28,325,371.8550173646221,0
4873,2022-05-29,355,365.9685157010475,0
4874,2022-05-30,188,360.95283094652643,0
4875,2022-05-31,36,356.8647689588379,0
4876,2022-06-01,47,353.7587359204576,0
4877,2022-06-02,206,351.68650326304805,0
4878,2022-06-03,486,350.6969553648944,0
4879,2022-06-04,405,350.83581286359487,0
4880,2022-06-05,267,352.1453261372667,0
4881,2022-06-06,182,354.6639355159603,0
4882,2022-06-07,30,358.42589702805554,0
4883,2022-06-08,202,363.46087488861497,0
4884,2022-06-09,434,369.7935044110435,0
4885,2022-06-10,322,377.4429314738526,0
4886,2022-06-11,285,386.4223369988763,0
4887,2022-06-12,344,396.7384569924435,0
4888,2022-06-13,153,408.39111046673446,0
4889,2022-06-14,19,421.37274890372316,0
4890,2022-06-15,243,435.6680417720673,0
4891,2022-06-16,547,451.2535129009881,0
4892,2022-06-17,422,468.09724222151726,0
4893,2022-06-18,68,486.1586464986338,0
4894,2022-06-19,461,505.3883512208817,0
4895,2022-06-20,343,525.7281638391419,0
4896,2022-06-21,29,547.1111561325794,0
4897,2022-06-22,397,569.4618607301875,0
4898,2022-06-23,834,592.696583851871,0
4899,2022-06-24,175,616.7238332863466,0
4900,2022-06-25,612,641.4448576310588,0
4901,2022-06-26,1087,666.7542900145864,0
4902,2022-06-27,437,692.5408870255364,0
4903,2022-06-28,31,718.6883514851947,0
4904,2022-06-29,662,745.0762261004961,0
4905,2022-06-30,1197,771.5808439652499,1
4906,2022-07-01,1148,798.0763213547169,0
4907,2022-07-02,1047,824.4355782621395,0
4908,2022-07-03,1078,850.5313726051955,0
4909,2022-07-04,813,876.2373349078252,0
4910,2022-07-05,57,901.4289914394719,0
4911,2022-07-06,812,925.9847651564658,0
4912,2022-07-07,1794,949.7869452204764,0
4913,2022-07-08,1454,972.7226172512612,0
4914,2022-07-09,1349,994.6845477016349,0
4915,2022-07-10,1488,1015.5720167375063,0
4916,2022-07-11,757,1035.2915947065248,0
4917,2022-07-12,64,1053.7578576573876,0
4918,2022-07-13,1012,1070.8940374325632,0
4919,2022-07-14,1808,1086.632601637245,0
4920,2022-07-15,1763,1100.9157583535093,0
4921,2022-07-16,1654,1113.6958799130225,0
4922,2022-07-17,1654,1124.9358394743476,0
4923,2022-07-18,979,1134.609253692112,0
4924,2022-07-19,80,1142.700624535657,0
4925,2022-07-20,1151,1149.20537342609,0
4926,2022-07-21,2239,1154.1297614062335,0
4927,2022-07-22,1793,1157.4906901049376,0
4928,2022-07-23,1491,1159.3153798395228,0
4929,2022-07-24,1654,1159.6409233144163,0
4930,2022-07-25,1076,1158.5137159775566,0
4931,2022-07-26,97,1155.9887671075512,0
4932,2022-07-27,1266,1152.1288990073344,0
4933,2022-07-28,1899,1147.0038451284624,0
4934,2022-07-29,1979,1140.6892613770758,0
4935,2022-07-30,1467,1133.2656680795064,0
4936,2022-07-31,1496,1124.8173429328845,0
4937,2022-08-01,940,1115.4311875645265,0
4938,2022-08-02,48,1105.195591924456,0
4939,2022-08-03,1038,1094.1993215192288,0
4940,2022-08-04,1768,1082.5304523812456,0
4941,2022-08-05,1486,1070.2753776180828,0
4942,2022-08-06,1226,1057.5179074096366,0
4943,2022-08-07,250,1044.338481472234,0
4944,2022-08-08,743,1030.8135093880664,0
4945,2022-08-09,64,1017.0148499446386,0
4946,2022-08-10,987,1003.0094359146724,0
4947,2022-08-11,1872,988.8590457287124,0
4948,2022-08-12,1583,974.620218461913,0
4949,2022-08-13,1094,960.3443036893325,0
4950,2022-08-14,1215,946.0776332709371,0
4951,2022-08-15,629,931.8617982038525,0
4952,2022-08-16,65,917.7340104961952,0
4953,2022-08-17,165,903.727527713394,0
4954,2022-08-18,771,889.8721165251196,0
4955,2022-08-19,1874,876.1945312964492,0
4956,2022-08-20,1025,862.7189845316808,1
4957,2022-08-21,1306,849.4675877559737,0
4958,2022-08-22,639,836.460744123098,0
4959,2022-08-23,46,823.7174775352514,0
4960,2022-08-24,720,811.2556871794819,0
4961,2022-08-25,1176,799.0923209157368,0
4962,2022-08-26,1051,787.2434656591143,0
4963,2022-08-27,851,775.7243575342858,0
4964,2022-08-28,988,764.5493188939795,0
4965,2022-08-29,501,753.7316330516486,0
4966,2022-08-30,59,743.2833705781504,0
4967,2022-08-31,568,733.2151830968307,0
4968,2022-09-01,1111,723.5360815832479,0
4969,2022-09-02,921,714.2532162047548,0
4970,2022-09-03,692,705.3716737618578,0
4971,2022-09-04,728,696.8943069259826,0
4972,2022-09-05,430,688.8216068738956,0
4973,2022-09-06,27,681.1516278083405,0
4974,2022-09-07,479,673.879968463544,0
4975,2022-09-08,934,666.999812264018,0
4976,2022-09-09,794,660.5020245609778,0
4977,2022-09-10,665,654.3753025051982,0
4978,2022-09-11,687,648.6063707747204,0
4979,2022-09-12,441,643.1802146531963,0
4980,2022-09-13,34,638.0803408872225,0
4981,2022-09-14,496,633.2890563244544,0
4982,2022-09-15,1021,628.7877544907037,0
4983,2022-09-16,907,624.5572009131838,0
4984,2022-09-17,727,620.5778090277735,0
4985,2022-09-18,725,616.8298998017095,0
4986,2022-09-19,471,613.2939396430107,0
4987,2022-09-20,48,609.9507526486451,0
4988,2022-09-21,480,606.7817046763224,0
4989,2022-09-22,958,603.7688580409932,0
4990,2022-09-23,874,600.895096788829,0
4991,2022-09-24,655,598.1442234604285,0
4992,2022-09-25,722,595.501029010451,0
4993,2022-09-26,440,592.9513381061635,0
4994,2022-09-27,30,590.4820323964327,0
