firstDerivate_new_cases,smoothedFD_new_cases,secondDerivate_new_cases
,,
1.7400268494527643e-08,,
2.85878646292873e-08,,
5.537826817859216e-08,,
6.723188329834221e-08,,
9.26917687171464e-08,,
1.2600340977467523e-07,,
1.6805917898269286e-07,,
2.1277862657353985e-07,,
2.873958718251176e-07,,
3.7185346047035733e-07,,
4.795784791238133e-07,,
5.6638100340052e-07,,
7.601100213406902e-07,,
9.604180966168223e-07,,
1.1880496501535059e-06,,
1.5089511145699073e-06,,
1.8665851375729515e-06,,
2.280981165559407e-06,,
2.8058426312162344e-06,,
3.4530257258867214e-06,,
4.248047287007345e-06,,
5.182087272542453e-06,,
6.291134342029744e-06,,
7.541253564255219e-06,,
9.018619244902413e-06,,
1.0798425932011646e-05,,
1.2858427099724366e-05,,
1.529479429196401e-05,,
1.8074952697873435e-05,,
2.1289413821495753e-05,,
2.494947396886342e-05,,
2.9112457262588337e-05,,
3.389149765326859e-05,,
3.9336184290167956e-05,,
4.54478365230443e-05,,
5.231202470888175e-05,,
5.9997890250491816e-05,,
6.852307219371728e-05,,
7.795239305511342e-05,,
8.83465553580098e-05,,
9.97987749306894e-05,,
0.00011228630034989108,,
0.00012582462136203915,,
0.0001404905689143159,,
0.00015620255379695364,,
0.0001729767523664166,,
0.00019082604190443484,,
0.0002096759453695837,,
0.00022952478151010126,,
0.00025018723999452276,,
0.0002716134439496765,,
0.00029364817665356296,,
0.0003161398136994312,,
0.0003389780972342638,,
0.00036193871862120726,,
0.00038474885169687695,,
0.00040726561764633726,,
0.00042916705534164646,,
0.0004502532971155781,0.0003420471350223864,
0.00047021553851269923,0.00034760423359660956,5.557098574223167e-06
0.0004888383442680022,0.0003522395991926147,4.635365596005142e-06
0.0005058078832758653,0.00035589302313788823,3.653423945273527e-06
0.0005208611337110137,0.00035850916895330693,2.616145815418703e-06
0.0005337612564761266,0.0003600382366108011,1.5290676574941956e-06
0.0005442515269966364,0.00036043658459114204,3.983479803409181e-07
0.000552097393501096,0.0003596672980033952,-7.692865877468257e-07
0.0005571299222247184,0.00035770069530430054,-1.96660269909468e-06
0.0005591721973471474,0.00035451476267670396,-3.185932627596574e-06
0.0005581116277498001,0.0003500955144732156,-4.419248203488388e-06
0.0005538200092219791,0.0003444372661773805,-5.658248295835084e-06
0.0005462532422653467,0.00033754281999216437,-6.894446185216126e-06
0.0005353914428038505,0.0003294235575156196,-8.119262476544793e-06
0.0005212673689335631,0.00032009943907349004,-9.324118442129538e-06
0.0005039636986233463,0.00030959890541125526,-1.0500533662234776e-05
0.00048361882638731785,0.0002979586859326426,-1.1640219478612683e-05
0.0004603197881406385,0.0002852235155523678,-1.2735170380274768e-05
0.0004343230807148553,0.0002714457615869486,-1.3777753965419205e-05
0.000405826701459229,0.0002566849673365429,-1.476079425040568e-05
0.0003751123656843408,0.00024100731991618963,-1.5677647420353296e-05
0.00034244538554478385,0.0002244850470966615,-1.6522272819528133e-05
0.0003081394358621162,0.0002071957549268905,-1.7289292169770992e-05
0.00027253962910089163,0.00018922171409000595,-1.7974040836884548e-05
0.00023593591181791593,0.00017064910452448467,-1.857260956552128e-05
0.00019868041326867245,0.00015156723029050747,-1.9081874233977205e-05
0.00016109762678424497,0.00013206771408156892,-1.9499516208938548e-05
0.00012350509131209622,0.00011224368561592649,-1.9824028465642433e-05
8.619965748470418e-05,9.218896965916345e-05,-2.005471595676304e-05
4.946649754811183e-05,7.199728910942388e-05,-2.0191680549739565e-05
1.3583076083324708e-05,5.176148965561085e-05,-2.023579945381303e-05
-2.1221604892113916e-05,3.157279834544524e-05,-2.018869131016561e-05
-5.475043157434842e-05,1.1520120803376584e-05,-2.0052677542068657e-05
-8.682443746861265e-05,-8.31061251612514e-06,-1.9830733319501726e-05
-0.00011729585023524322,-2.7837044145641466e-05,-1.9526431629516324e-05
-0.00014604700202005064,-4.6980928330925675e-05,-1.914388418528421e-05
-0.0001729984082477383,-6.566860621100745e-05,-1.868767788008178e-05
-0.00019807633046715206,-8.383141314541721e-05,-1.816280693440976e-05
-0.00022126512514838298,-0.00010140601582915779,-1.757460268374058e-05
-0.0002425595390210429,-0.00011833468186739676,-1.6928666038238963e-05
-0.00026194910135394697,-0.00013456547986365745,-1.623079799626069e-05
-0.0002795048863360426,-0.00015005241065920648,-1.548693079554903e-05
-0.0002952488735088344,-0.00016475547438325256,-1.4703063724046085e-05
-0.00030923941696024866,-0.00017864067614164878,-1.3885201758396225e-05
-0.00032155273014211616,-0.0001916799735522185,-1.3039297410569705e-05
-0.0003322642152079041,-0.00020385117041718504,-1.2171196864966551e-05
-0.0003414388140661577,-0.00021513776286190931,-1.1286592444724274e-05
-0.00034918027074829806,-0.0002255287438023797,-1.0390980940470386e-05
-0.0003555399511859115,-0.00023501836845727525,-9.489624654895548e-06
-0.000360616010401835,-0.0002436058899027149,-8.587521445439647e-06
-0.00036447525348666694,-0.0002512952677974825,-7.689377894767603e-06
-0.00036719417544161387,-0.00025809485781068793,-6.7995900132054345e-06
-0.00036882596487649785,-0.0002640170849045686,-5.922227093880649e-06
-0.00036944611904784173,-0.0002690781088878243,-5.0610239832557e-06
-0.00036913620351487764,-0.0002732974825175477,-4.219373629723428e-06
-0.0003678870499601375,-0.00027669780957693854,-3.400327059390829e-06
-0.00036580438461035134,-0.0002793044044866256,-2.606594909687046e-06
-0.00036293124098384436,-0.00028114496094866243,-1.8405564620368456e-06
-0.0003592902056049393,-0.00028224922546947934,-1.1042645208169072e-06
-0.00035493323690587684,-0.0002826486857192282,-3.994602497488426e-07
-0.0003499385708387974,-0.00028237626988070343,2.724158385247473e-07
-0.0003443201654927848,-0.00028146606200413785,9.102078765655872e-07
-0.00033812423394424286,-0.0002799530320988969,1.5130299052409598e-06
-0.0003314130694293694,-0.0002778727838238122,2.0802482750846888e-06
-0.00032421160371495783,-0.0002752613184979857,2.6114653258265015e-06
-0.0003165738537198211,-0.00027215481688688386,3.1065016111018378e-06
-0.0003085105184325032,-0.00026858943690475224,3.565379982131613e-06
-0.00030018322884151506,-0.0002646011295997732,3.988307304979061e-06
-0.0002915209750847308,-0.0002602254701502793,4.375659449493911e-06
-0.0002826003862599312,-0.00025549750548575854,4.727964664520733e-06
-0.0002735217381405813,-0.00025045161594733047,5.045889538428069e-06
-0.00026425861895187485,-0.0002451213925292821,5.3302234180483896e-06
-0.00025488321565105086,-0.00023953952661886184,5.581865910420244e-06
-0.0002454692830686795,-0.00023373771403507884,5.801812583782997e-06
-0.00023604934973176991,-0.00022774657006810215,5.9911439669766905e-06
-0.0002266586392142382,-0.00022159555678003215,6.151013288070001e-06
-0.0002173109581891288,-0.00021531291950076462,6.2826372792675294e-06
-0.0002080463810149244,-0.0002089256360630511,6.3872834377135175e-06
-0.0001988589494627607,-0.00020245937374849002,6.466262314561079e-06
-0.00018984117364337317,-0.00019593845542726122,6.520918321228805e-06
-0.00018103998822755754,-0.0001893858347001876,6.552620727073611e-06
-0.00017241235143488276,-0.00018282307863988628,6.56275606030133e-06
-0.00016403048773415288,-0.00017627035806228188,6.552720577604395e-06
-0.0001558314080529542,-0.00016974644442695373,6.523913635328151e-06
-0.0001478823533674835,-0.00016326871364965854,6.477730777295189e-06
-0.00014015738898225452,-0.00015685315628640955,6.415557363248991e-06
-0.00013268203712582787,-0.00015051439277008902,6.338763516320527e-06
-0.00012550223389276843,-0.00014426569399060267,6.2486987794863535e-06
-0.0001186068996894313,-0.00013811900738296983,6.146686607632842e-06
-0.00011194204371915099,-0.00013208498653802014,6.034020844949685e-06
-0.00010553802866181648,-0.00012617302527485194,5.911961263168204e-06
-9.940579118977591e-05,-0.00012039129479394638,5.781730480905559e-06
-9.351036703388006e-05,-0.00011474678465534159,5.644510138604796e-06
-8.786331248137897e-05,-0.00010924534589930902,5.501438756032564e-06
-8.24756042513222e-05,-0.00010389173665547928,5.353609243829744e-06
-7.737955118141261e-05,-9.868966979994606e-05,5.202066855533217e-06
-7.250716968915322e-05,-9.364186152781342e-05,5.047808272132636e-06
-6.785347240990231e-05,-8.875008176932323e-05,4.89177975849019e-06
-6.346636786850506e-05,-8.401520468784925e-05,4.73487708147399e-06
-5.926018263980909e-05,-7.943726031868966e-05,4.57794436915958e-06
-5.526787876479781e-05,-7.501548526996099e-05,4.421775048728678e-06
-5.151541084697647e-05,-7.074837509681965e-05,4.26711017314134e-06
-4.7972548790317735e-05,-6.663373391854624e-05,4.114641178273407e-06
-4.4670608001235856e-05,-6.266872552444941e-05,3.965008394096826e-06
-4.1519984450416646e-05,-5.884992195202136e-05,3.818803572428057e-06
-3.85558971798235e-05,-5.5173351917049526e-05,3.6765700349718314e-06
-3.576688524104866e-05,-5.163454780426476e-05,3.5388041127847663e-06
-3.3126057517198545e-05,-4.8228592264041595e-05,3.4059555402231645e-06
-3.0691077879466556e-05,-4.495016187954009e-05,3.278430384501507e-06
-2.8404054831262246e-05,-4.179357086145902e-05,3.1565910180810685e-06
-2.6205798129160483e-05,-3.875281305539927e-05,3.04075780605975e-06
-2.4175478509449923e-05,-3.58216016277445e-05,2.9312114276547718e-06
-2.2233515826559826e-05,-3.2993407313879626e-05,2.8281943138648718e-06
-2.042495108461233e-05,-3.026149694381799e-05,2.731910370061638e-06
-1.8685919580622642e-05,-2.7618970148098668e-05,2.6425267957193203e-06
-1.7057822101043067e-05,-2.5058792916994145e-05,2.5601772311045236e-06
-1.5487316690100802e-05,-2.2573832593919538e-05,2.4849603230746068e-06
-1.3974578656618213e-05,-2.015689038619933e-05,2.4169422077202092e-06
-1.2523636721980657e-05,-1.7800734311350446e-05,2.356156074848882e-06
-1.1106880129159967e-05,-1.5498126892975897e-05,2.3026074183745497e-06
-9.723888288568896e-06,-1.324185786836085e-05,2.256269024615046e-06
-8.374720582336e-06,-1.1024775600027169e-05,2.217082268333682e-06
-7.019215906233899e-06,-8.83981293637206e-06,2.1849626636551097e-06
-5.699616425154479e-06,-6.680019367723674e-06,2.1597935686483855e-06
-4.360252541916977e-06,-4.538587084250819e-06,2.1414322834728543e-06
-3.012692494928741e-06,-2.40888313536077e-06,2.1297039488900496e-06
-1.6460731590659406e-06,-2.844696003366089e-07,2.1244135350241608e-06
-2.69250205740465e-07,1.8408595859799947e-06,2.1253291863166036e-06
1.13896283028222e-06,3.9730547683193165e-06,2.1321951823393216e-06
2.5760967633839914e-06,6.117784515917914e-06,2.1447297475985978e-06
4.0908318528971085e-06,8.2804047535024e-06,2.1626202375844865e-06
5.6424573200569705e-06,1.0465934922909048e-05,2.185530169406647e-06
7.249564529554367e-06,1.2679030752933772e-05,2.2130958300247244e-06
8.894056165192031e-06,1.4923967650097436e-05,2.2449368971636635e-06
1.0623925676680026e-05,1.720460800238863e-05,2.2806403522911935e-06
1.2442195370839177e-05,1.952438626397896e-05,2.319778261590331e-06
1.4319260074255151e-05,2.18862894762848e-05,2.3619032123058403e-06
1.6311284937036395e-05,2.4292842573553077e-05,2.406553097268276e-06
1.8391691814555492e-05,2.6746095384203578e-05,2.4532528106505014e-06
2.0571324453851417e-05,2.9247620646436208e-05,2.50152526223263e-06
2.286562702981344e-05,3.179851708536764e-05,2.5508964389314283e-06
2.5267849634342957e-05,3.4399401947050134e-05,2.6008848616824976e-06
2.7821094936102738e-05,3.7050435515843264e-05,2.65103356879313e-06
3.0497675981996063e-05,3.9751335727289745e-05,2.700900211446481e-06
3.33105406592146e-05,4.25014071463231e-05,2.750071419033352e-06
3.628477432316324e-05,4.529958409246083e-05,2.7981769461377307e-06
3.9389517579262135e-05,4.814447805667455e-05,2.8448939642137193e-06
4.2651750351491114e-05,5.1034445270358047e-05,2.8899672136834995e-06
4.6055316613030856e-05,5.396765262335925e-05,2.9332073530012045e-06
4.96209858876493e-05,5.694216977851211e-05,2.974517155152858e-06
5.3330542574380694e-05,5.995606924975761e-05,3.0138994712454985e-06
5.7184555563330203e-05,6.300754039998323e-05,3.05147115022562e-06
6.117562581275937e-05,6.609501971372922e-05,3.087479313745994e-06
6.526467680146144e-05,6.921733672641529e-05,3.1223170126860688e-06
6.947726353067891e-05,7.237387372429114e-05,3.1565369978758486e-06
7.376024140999483e-05,7.556473604776957e-05,3.1908623234784263e-06
7.811698427521345e-05,7.87909398122151e-05,3.2262037644455285e-06
8.252069937169813e-05,8.205461112491867e-05,3.2636713127035726e-06
8.696280864971869e-05,8.535919847450962e-05,3.304587349590955e-06
9.13570529172715e-05,8.870969506094583e-05,3.3504965864362106e-06
9.573390999737582e-05,9.21128722195202e-05,3.4031771585743716e-06
9.999445010338594e-05,9.55775195068557e-05,3.4646472873354995e-06
0.00010414209439465897,9.911468470243707e-05,3.537165195581366e-06
0.00010816613483294584,0.00010273792299090921,3.6232382884721407e-06
0.00011203394427432723,0.00010646354310238159,3.7256201114723803e-06
0.00011567832750344594,0.00011031085036317337,3.84730726079178e-06
0.00011909443118380885,0.00011430238627253843,3.991535909365058e-06
0.0001222393717399844,0.00011846415442618241,4.161768153643981e-06
0.0001250350933424708,0.00012282583803274725,4.3616836065648364e-06
0.00012750780526937225,0.00012742099154880289,4.595153516055641e-06
0.00012972804599545957,0.00013228722285690044,4.866231308097558e-06
0.00013163718810531386,0.0001374663366822434,5.1791138253429625e-06
0.00013321492127053858,0.00014300445782508274,5.538121142839331e-06
0.00013450944970342434,0.0001489521139799784,5.947656154895652e-06
0.00013550251092306516,0.000155364282829469,6.412168849490615e-06
0.00013624181111771428,0.00016230039883511664,6.936116005647636e-06
0.00013663899300473022,0.00016982430260430444,7.5239037691878e-06
0.0001370053428289492,0.00017800414481208187,8.179842207777427e-06
0.00013739675725006097,0.00018691223245918706,8.908087647105194e-06
0.00013766858993947972,0.00019662481760739035,9.712585148203293e-06
0.00013811116052990687,0.0002072218160773555,1.059699846996516e-05
0.00013865471556532248,0.0002187864629011118,1.1564646823756299e-05
0.00013954071433373415,0.00023140490164618498,1.261843874507317e-05
0.0001406155308540458,0.00024516569088298286,1.3760789236797881e-05
0.00014256920880429975,0.0002601592470783705,1.4993556195387636e-05
0.00014519124331581652,0.0002764772040635821,1.6317956985211575e-05
0.00014865324448243376,0.00029421169886634474,1.7734494802762663e-05
0.00015327266143349942,0.0003134545908457781,1.924289197943334e-05
0.00015901416854181925,0.00033429659395339454,2.084200310761646e-05
0.00016608483339369904,0.00035682634431485053,2.2529750361455995e-05
0.0001745072109326385,0.00038112939833808264,2.430305402323211e-05
0.00018522924281579208,0.0004072871664447646,2.615776810668195e-05
0.0001978935495954492,0.0004353757846617587,2.8088618216994096e-05
0.00021291087309136154,0.00046546493985759416,3.0089155195835474e-05
0.00023044671935599625,0.0004976166584566523,3.215171859905809e-05
0.00025071667599411724,0.0005318840418042653,3.426738334761303e-05
0.0002736207173065315,0.0005683099978189696,3.6425956014704336e-05
0.00029966618830802594,0.0006069259473419805,3.861594952301087e-05
0.00032979091309412803,0.0006477505365491853,4.0824589207204796e-05
0.00036321726770140866,0.0006907883701650614,4.303783361587609e-05
0.0004008355168191799,0.0007360287712199697,4.524040105490835e-05
0.00044258141614847424,0.0007834445860723058,4.7415814852336084e-05
0.0004884620035232271,0.0008329910583423429,4.9546472270037127e-05
0.0005388794127183273,0.0008846047889600194,5.1613730617676434e-05
0.000593849127254532,0.0009382027866103174,5.359799765029805e-05
0.0006540824889392886,0.0009936816454810852,5.547885887076777e-05
0.0007192242416378808,0.0010509168569018874,5.723521142080219e-05
0.0007894416510016971,0.0011097622802728525,5.88454233709651e-05
0.0008647541410647386,0.0011700497822757627,6.0287502002910175e-05
0.0009450433381068442,0.0012315890717799294,6.153928950416673e-05
0.0010301938445479927,0.0012941677387175502,6.257866693762078e-05
0.0011202400087114046,0.0013575515090085586,6.338377029100847e-05
0.001215201417517308,0.0014214847337331352,6.393322472457658e-05
0.0013147516722755263,0.0014856911207747822,6.420638704164702e-05
0.0014185376932280142,0.0015498747162729844,6.418359549820217e-05
0.0015260261204203367,0.001613721137273563,6.384642100057858e-05
0.00163681545073973,0.001676899063554838,6.317792628127497e-05
0.001750281267956278,0.001739061984890901,6.216292133606294e-05
0.0018659533009207536,0.0017998501950538333,6.07882101629324e-05
0.001983421407561626,0.0018588930262426438,5.904283118881052e-05
0.0021016212408097174,0.0019158113211934788,5.691829495083501e-05
0.0022198514165849975,0.001970220112535284,5.4408791341805166e-05
0.002337128409690317,0.0020217315000728223,5.151138753753826e-05
0.002452400048586552,0.002069957699907178,4.822619983435583e-05
0.0025648305657614903,0.0021145142433066045,4.4556543399426433e-05
0.00267323441908586,0.0021550232859088134,4.050904260220886e-05
0.0027768882862895944,0.0021911170060356843,3.609372012687096e-05
0.002874369247063982,0.0022224410540679375,3.13240480322532e-05
0.0029649529673815567,0.00224865801087725,2.621695680931225e-05
0.0030472725533330566,0.0022694508223046854,2.0792811427435606e-05
0.0031203305960361555,0.002284526168007431,1.5075345702745754e-05
0.003182990067929291,0.002293617726575157,9.09155856772606e-06
0.00323420792250962,0.002296489281728411,2.8715551532538727e-06
0.003273561557601626,0.0022929376518070702,-3.5516299213408584e-06
0.0032999296305066678,0.002282795386545091,-1.014226526197936e-05
0.003312490323165884,0.00226593319815084,-1.686218839425102e-05
0.003310571877538207,0.0022422620890550945,-2.3671109095745307e-05
0.003293902363975143,0.0022117351481118815,-3.052694094321301e-05
0.003261897016721027,0.0021743489895551045,-3.738615855677701e-05
0.0032142434944163883,0.0021301447812673395,-4.420420828776502e-05
0.003151205920256528,0.002079208889504215,-5.09358917631245e-05
0.0030725236305563786,0.0020216730778876107,-5.753581161660427e-05
0.0029786026237638707,0.001957714275911208,-6.395880197640263e-05
0.0028695853926291176,0.0018875538992537458,-7.016037665746227e-05
0.0027456550547266673,0.0018114567329178773,-7.609716633586849e-05
0.0026080599825375472,0.001729729372713392,-8.172736020448535e-05
0.002457410740756033,0.0016427182246967849,-8.701114801660712e-05
0.0022946993644119146,0.0015508071208543096,-9.191110384247528e-05
0.00212099397549928,0.0014544145201540516,-9.639260070025803e-05
0.0019375241026441392,0.0013539903619728321,-0.00010042415818121942
0.0017451535392206952,0.0012500125786322335,-0.00010397778334059866
0.001545149722263009,0.0011429833321218322,-0.0001070292465104013
0.001339751775575937,0.0010334249804063859,-0.00010955835171544632
0.0011298136034324086,0.0009218758359382917,-0.00011154914446809413
0.0009174040668267769,0.0008088857813442708,-0.00011299005459402091
0.0007038275355170376,0.0006950117466851392,-0.0001138740346591316
0.0004903975769547791,0.0005808131373229117,-0.00011419860936222749
0.00027892793818681816,0.0004668472426921637,-0.000113965894630748
7.103830338120454e-05,0.0003536646974364043,-0.00011318254525575941
-0.00013202741822376796,0.00024180501799558917,-0.00011185967944081515
-0.0003289756111423403,0.00013179227517239893,-0.00011001274282319024
-0.0005180105240209093,2.4130970091226286e-05,-0.00010766130508117264
-0.0006981749523850278,-8.069788262830014e-05,-0.00010482885271952643
-0.000868346309325918,-0.00018224038686894434,-0.0001015425042406442
-0.00102762677588987,-0.00028007310007461834,-9.7832713205674e-05
-0.001175033763744851,-0.0003738060136200209,-9.373291354540254e-05
-0.0013100508894835078,-0.00046308517592633043,-8.927916230630956e-05
-0.0014319979554117124,-0.0005475949277671471,-8.450975184081663e-05
-0.0015402379677183359,-0.0006270597149926995,-7.946478722555244e-05
-0.0016346258092287541,-0.0007012454864199157,-7.418577142721621e-05
-0.0017151636036421697,-0.0007699606612624562,-6.871517484254052e-05
-0.0017818360085773421,-0.0008330566643325078,-6.30960030700516e-05
-0.001834719199684559,-0.000890428022965155,-5.73713586326472e-05
-0.0018741990197717329,-0.0009420120615778906,-5.158403861273554e-05
-0.0019006572730216054,-0.0009877881655272573,-4.577610394936678e-05
-0.0019143775488328352,-0.0010277766693059162,-3.9988503778658896e-05
-0.001916036184404668,-0.0010620373723250138,-3.4260703019097513e-05
-0.0019066046149951582,-0.0010906677084062228,-2.863033608120906e-05
-0.001886640502511125,-0.0011138006033525193,-2.3132894946296468e-05
-0.0018569783788970201,-0.0011316020422782733,-1.7801438925754047e-05
-0.00181848236635003,-0.00114426838701759,-1.2666344739316673e-05
-0.0017721116633772488,-0.0011520234883931515,-7.755101375561506e-06
-0.0017185271542014546,-0.0011551156099910292,-3.0921215978777124e-06
-0.0016588205787984173,-0.0011538142202479323,1.3013897430969468e-06
-0.0015940107328726721,-0.0011484066686857052,5.4075515622271225e-06
-0.001524908650532869,-0.0011391948152675408,9.211853418164334e-06
-0.0014524607135639467,-0.0011264916169802957,1.2703198287245107e-05
-0.001377546906907487,-0.0011106177333929902,1.587388358730555e-05
-0.0013010716568263303,-0.001091898172553568,1.8719560839422153e-05
-0.001223441590479754,-0.001070659017980828,2.123915457273996e-05
-0.0011458826050850246,-0.0010472242615833555,2.3434756397472563e-05
-0.0010690449326934415,-0.0010219127787768876,2.531148280646785e-05
-0.0009935324260443301,-0.000995035473386196,2.6877305390691705e-05
-0.0009200545322257392,-0.0009668925993290952,2.8142874057100775e-05
-0.0008491483888644208,-0.0009377712996200442,2.9121299709050988e-05
-0.0007814850656956279,-0.0009079433878131847,2.9827911806859465e-05
-0.0007170052830258872,-0.0008776633601849177,3.0280027628267012e-05
-0.0006569187831915596,-0.0008471666717896787,3.0496688395239007e-05
-0.0006011081981239091,-0.0008166682773326421,3.0498394457036592e-05
-0.0005499215038872185,-0.0007863614540129338,3.0306823319708326e-05
-0.0005038113782305648,-0.0007564168981505322,2.9944555862401528e-05
-0.00046270844819322476,-0.0007269820949734087,2.94348031771235e-05
-0.00042685464465819223,-0.0006981809732372404,2.8801121736168303e-05
-0.0003958182569341745,-0.0006701138238666536,2.8067149370586864e-05
-0.00037046119304066927,-0.0006428574945109134,2.725632935574019e-05
-0.0003499610522808144,-0.0006164658164579448,2.6391678052968548e-05
-0.000334467532468144,-0.0005909702898879936,2.5495526569951216e-05
-0.00032364902784494387,-0.0005663809968247804,2.4589293063213228e-05
-0.0003171125691112664,-0.0005426876999036486,2.3693296921131757e-05
-0.0003143798259031688,-0.0005198611584083953,2.2826541495253355e-05
-0.0003149609169435519,-0.0004978546021414202,2.200655626697506e-05
-0.00031917274831451403,-0.00047660536477250567,2.124923736891455e-05
-0.00032550065382684623,-0.0004560366318345893,2.0568732937916356e-05
-0.00033409886268019606,-0.00043605931237792207,1.9977319456667244e-05
-0.0003440914323420835,-0.0004165739723349482,1.948534004297389e-05
-0.00035485431651498256,-0.0003974728397990774,1.910113253587078e-05
-0.0003661887569407912,-0.0003786418575875318,1.8830982211545612e-05
-0.0003767755802100703,-0.0003599627279743058,1.8679129613225983e-05
-0.0003870875272968394,-0.0003413149599434522,1.8647768030853596e-05
-0.0003959226951364275,-0.00032257788453340865,1.873707541004356e-05
-0.0004030330927785042,-0.000303632628969705,1.8945255563703638e-05
-0.0004079777539138449,-0.0002843640049716845,1.9268623998020483e-05
-0.0004104030099808184,-0.00026466232229395344,1.9701682677731084e-05
-0.0004099337189565899,-0.00024442509955914456,2.0237222734808885e-05
-0.00040597952917460767,-0.00022355865212596846,2.0866447433176094e-05
-0.00039888258537202487,-0.0002019795494483324,2.1579102677636065e-05
-0.000388258807182032,-0.00017961593714674266,2.2363612301589737e-05
-0.0003739288203135349,-0.00015640870417590495,2.3207232970837713e-05
-0.0003557593118235017,-0.0001323124880599707,2.4096216115934238e-05
-0.0003338460383584402,-0.00010729651692166737,2.5015971138303336e-05
-0.000307738678678067,-8.134528889018077e-05,2.5951228031486606e-05
-0.00027835057605333363,-5.4459071683825015e-05,2.6886217206355752e-05
-0.0002452800012104281,-2.665422870269788e-05,2.7804842981127136e-05
-0.00020855616621150153,2.036619904518831e-06,2.8690848607216708e-05
-0.00016852435482920397,3.156461198439057e-05,2.952799207987174e-05
-0.00012520129501476102,6.186482888946336e-05,3.0300216905072792e-05
-7.887318257291526e-05,9.285664554154567e-05,3.0991816652082305e-05
-2.9925086723635308e-05,0.00012444422931550805,3.158758377396238e-05
2.2025721634538753e-05,0.00015651720471585612,3.207297540034807e-05
7.625240827917323e-05,0.00018895145916205742,3.24342544462013e-05
0.00013254566103545334,0.00022161008482785632,3.26586256657989e-05
0.0001903454592357412,0.000254344450137814,3.273436530995769e-05
0.0002498144335491559,0.00028699539474248453,3.265094460467053e-05
0.00031040113362822835,0.00031939453174952877,3.239913700704423e-05
0.00037173992982787035,0.00035136564239815834,3.197111064862958e-05
0.0004337596288520665,0.00038272616824565955,3.13605258475012e-05
0.0004958694424878618,0.0004132887710333786,3.056260278771903e-05
0.0005576547180141112,0.0004428629549470602,2.9574183913681632e-05
0.0006187493739376257,0.00047125673182942115,2.8393776882360943e-05
0.000678661902888851,0.0004982783330561351,2.7021601226713933e-05
0.0007367490216573375,0.0005237379272733393,2.5459594217204225e-05
0.0007925896715037448,0.0005474493435240633,2.3711416250724038e-05
0.0008462226950501361,0.0005692317918651933,2.1782448341129985e-05
0.0008964981487057516,0.0005889115468146263,1.9679754949432924e-05
0.0009432141528014498,0.0006063235927640651,1.7412045949438877e-05
0.0009856869182458677,0.0006213132040373995,1.4989611273334333e-05
0.001023765426540424,0.0006337374635395194,1.2424259502119908e-05
0.0010570743263084298,0.000643466672423264,9.729208883744599e-06
0.0010846113905621374,0.0006503856642746215,6.918991851357519e-06
0.0011065795065423045,0.0006543950048105324,4.009340535910907e-06
0.0011223249417490755,0.0006554120455852094,1.0170407746770043e-06
0.0011316711839018528,0.0006533718423219973,-2.0402032632120624e-06
0.001134247594145446,0.0006482279057389086,-5.143936583088741e-06
0.0011303512735790638,0.000639952801309606,-8.275104429302633e-06
0.0011198080693266,0.0006285385524451537,-1.1414248864452222e-05
0.001101636367844605,0.000613996877436705,-1.4541675008448735e-05
0.0010769597656025143,0.0005963592376859747,-1.763763975073029e-05
0.0010452095650763243,0.0005756766948933856,-2.0682542792589144e-05
0.0010067361021055404,0.0005520195780439662,-2.3657116849419416e-05
0.0009619656673638122,0.0005254769666274793,-2.6542611416486834e-05
0.0009109345113751111,0.0004961559955493711,-2.932097107810822e-05
0.0008537669946131476,0.0004641809642115446,-3.197503133782649e-05
0.0007912259493844248,0.0004296922993871395,-3.448866482440511e-05
0.0007239813764405995,0.00039284535398075216,-3.684694540638734e-05
0.0006518239206552701,0.00035380905724955987,-3.9036296731192294e-05
0.0005756480284755255,0.0003127644444768774,-4.1044612772682485e-05
0.0004959065071147573,0.0002699030588614233,-4.286138561545406e-05
0.0004133674422498318,0.0002254252832724711,-4.4477775588952235e-05
0.0003283986800600991,0.0001795385673965533,-4.588671587591779e-05
0.00024177988096954484,0.00013245561951404907,-4.7082947882504225e-05
0.0001542224963567429,8.439256620254133e-05,-4.8063053311507746e-05
6.599479315382017e-05,3.556709029613582e-05,-4.8825475906405505e-05
-2.2106894349893658e-05,-1.3803415960502338e-05,-4.937050625663816e-05
-0.00010935654394392258,-6.350366728083992e-05,-4.970025132033758e-05
-0.00019524246391354472,-0.00011332224061318141,-4.9818573332341485e-05
-0.00027923428321248445,-0.00016305327069312162,-4.973103007994021e-05
-0.0003608144848907674,-0.00021249803392232405,-4.944476322920244e-05
-0.00043932981588273856,-0.00026146643948527783,-4.896840556295378e-05
-0.0005146429523466972,-0.00030977837212136636,-4.831193263608852e-05
-0.0005862637107941215,-0.00035726490683095846,-4.74865347095921e-05
-0.0006535848901830371,-0.00040376935216986754,-4.650444533890909e-05
-0.0007165189227101437,-0.0004491481456767909,-4.537879350692336e-05
-0.0007748416858286838,-0.0004932715609737468,-4.412341529695592e-05
-0.0008283948665608193,-0.0005360242417714899,-4.275268079774312e-05
-0.0008769260298082393,-0.0005773055467389372,-4.128130496744724e-05
-0.0009206953831962933,-0.0006170297129532307,-3.972416621429351e-05
-0.0009595988570846176,-0.0006551258434132172,-3.8096130459986505e-05
-0.0009935704300799292,-0.0006915377232855452,-3.6411879872327965e-05
-0.0010228672913584341,-0.0007262234513724475,-3.46857280869023e-05
-0.0010476468832218838,-0.0007591549279806096,-3.293147660816216e-05
-0.0010682116655473806,-0.0007903171957874942,-3.1162267806884576e-05
-0.0010847412602775497,-0.0008197076505106094,-2.9390454723115188e-05
-0.0010979022558875312,-0.0008473351209732584,-2.7627470462648993e-05
-0.0011078402459051145,-0.0008732188662865189,-2.5883745313260527e-05
-0.0011148524510858904,-0.0008973874882388762,-2.4168621952357322e-05
-0.0011193185120347837,-0.0009198777769931061,-2.2490288754229847e-05
-0.00112179074290579,-0.000940733515587393,-2.085573859428693e-05
-0.0011226043470201202,-0.0009600042709137282,-1.9270755326335166e-05
-0.0011221040497458035,-0.0009777441652223003,-1.773989430857209e-05
-0.0011209862677066251,-0.000994010672696437,-1.6266507474136738e-05
-0.0011192971736481566,-0.0010088634487797025,-1.4852776083265455e-05
-0.0011174088758107992,-0.0010223632130338537,-1.3499764254151217e-05
-0.0011156104226710678,-0.0010345706807430308,-1.2207467709177133e-05
-0.0011140863289691438,-0.0010455455929890842,-1.0974912246053403e-05
-0.0011131049299671486,-0.0010553458294906826,-9.800236501598383e-06
-0.0011127444744963022,-0.0010640266214532771,-8.680791962594522e-06
-0.0011134751204986276,-0.0010716398744145634,-7.613252961286314e-06
-0.0011150423182086366,-0.0010782335990016888,-6.5937245871253766e-06
-0.0011175056109195697,-0.0010838514772197544,-5.617878218065623e-06
-0.0011207306179686974,-0.0010885325266540714,-4.681049434316969e-06
-0.0011247229425897648,-0.0010923108925210995,-3.778365867028151e-06
-0.0011294637488979686,-0.0010952157575392987,-2.9048650181991847e-06
-0.001134686374981174,-0.00109727135702786,-2.055599488561379e-06
-0.0011406241053320831,-0.001098497092082144,-1.225735054283814e-06
-0.001146800110426234,-0.0010989077373264875,-4.10645244343583e-07
-0.0011528840477092947,-0.0010985137553291145,3.939819973729653e-07
-0.0011587735233447166,-0.0010973216503468866,1.1921049822278922e-06
-0.0011642316932437002,-0.0010953344096585533,1.9872406883333655e-06
-0.0011690320206253144,-0.0010925519886339785,2.7824210245747973e-06
-0.001172897071202439,-0.0010889718227188733,3.580165915105212e-06
-0.0011761984281975224,-0.0010845893737903387,4.382448928534578e-06
-0.0011781234571241264,-0.0010793986909248985,5.190682865440161e-06
-0.0011786774108028877,-0.0010733929647444647,6.005726180433827e-06
-0.0011775954633048147,-0.0010665650634736953,6.8279012707694355e-06
-0.0011747993482949318,-0.0010589080622483676,7.657001225327672e-06
-0.0011701354326992333,-0.0010504157319440378,8.492330304329812e-06
-0.0011635995111865666,-0.0010410829862079792,9.332745736058542e-06
-0.001155568985800319,-0.0010309062809983997,1.0176705209579513e-05
-0.0011454689220910669,-0.0010198839658185125,1.1022315179887252e-05
-0.00113341007155459,-0.0010080165730794398,1.186739273907264e-05
-0.0011194108965444233,-0.0009953070450156808,1.2709528063759024e-05
-0.0011034857151664794,-0.0009817609035634913,1.3546141452189502e-05
-0.001085765224585391,-0.0009673863593050012,1.4374544258490105e-05
-0.001066617697031598,-0.0009521943527845412,1.519200652045998e-05
-0.0010455308992368753,-0.0009361985420942365,1.5995810690304694e-05
-0.001023310893249696,-0.0009194152374544713,1.678330463976527e-05
-0.0009997403926353052,-0.0009018632862432385,1.755195121123281e-05
-0.0009749038899829893,-0.0008835639099855339,1.8299376257704513e-05
-0.0009490360217191199,-0.0008645405087758775,1.902340120965649e-05
-0.0009222143493995902,-0.000844818437999292,1.972207077658545e-05
-0.0008945262042955246,-0.0008244247519642539,2.0393686035038083e-05
-0.0008666265322026662,-0.0008033879403150965,2.1036811649157382e-05
-0.0008383269438710511,-0.0007817376534480865,2.1650286867010084e-05
-0.0008095021514121989,-0.0007595044299166823,2.223322353140419e-05
-0.0007803862906886269,-0.0007367194243149325,2.2785005601749743e-05
-0.0007512470435870125,-0.0007134141544408223,2.3305269874110196e-05
-0.0007220922849790774,-0.0006896202678843011,2.3793886556521264e-05
-0.000692811934349731,-0.000665369326982931,2.425094090137002e-05
-0.0006638670072324389,-0.000640692628704691,2.4676698278240086e-05
-0.0006354174352032737,-0.0006156210565300334,2.507157217465758e-05
-0.0006070503030525722,-0.0005901849681353576,2.5436088394675794e-05
-0.0005788593766873022,-0.000564414119036383,2.5770849098974554e-05
-0.0005508593972290577,-0.0005383376302401162,2.6076488796266794e-05
-0.0005231604789352074,-0.0005119839939459181,2.6353636294198114e-05
-0.0004954427540124675,-0.00048538111287077534,2.6602881075142777e-05
-0.00046824665542913486,-0.0004585563797781269,2.6824733092648434e-05
-0.00044115528328223484,-0.0004315367910207406,2.7019588757386302e-05
-0.00041412020942288574,-0.0004043490901819108,2.718770083882981e-05
-0.00038703090443479964,-0.0003770199349606202,2.732915522129061e-05
-0.0003600030560972148,-0.00034957609184407704,2.744384311654315e-05
-0.00033285631894415177,-0.0003220446419671725,2.753144987690452e-05
-0.0003054409561076641,-0.00029445319875529995,2.7591443211872572e-05
-0.00027804904182769045,-0.00026683013058470566,2.762306817059428e-05
-0.0002503236122284513,-0.00023920478171463974,2.7625348870065927e-05
-0.0002222660096847448,-0.00021160768721832543,2.759709449631431e-05
-0.00019371069603694654,-0.00018407077018441035,2.7536917033915074e-05
-0.00016481328050838538,-0.00015662752805331332,2.7443242131097034e-05
-0.00013551804387527608,-0.00012931318782187913,2.731434023143419e-05
-0.00010550664978484746,-0.00010216483361001788,2.714835421186125e-05
-7.523943769738046e-05,-7.52214985659848e-05,2.6943335044033075e-05
-4.456548538400978e-05,-4.8524221948970994e-05,2.6697276617013812e-05
-1.3356546562350025e-05,-2.2116064963503066e-05,2.6408156985467928e-05
1.8331682847537098e-05,3.9579210838955664e-06,2.6073986047398632e-05
5.027730360253769e-05,2.9650762916732426e-05,2.569284183283686e-05
8.257449995972225e-05,5.491368373428868e-05,2.526292081755625e-05
0.00011514002761271909,7.969626911051827e-05,2.4782585376229593e-05
0.0001475722463780407,0.00010394667347757657,2.4250404367058304e-05
0.00018000464948567888,0.00012761186982432606,2.3665196346749485e-05
0.00021233103943388027,0.00015063793833496373,2.3026068510637667e-05
0.00024437756067893866,0.0001729703962332104,2.233245789824668e-05
0.0002759110417833565,0.0001945545469827762,2.15841507495658e-05
0.0003068135905856875,0.00021533586919040879,2.078132220763258e-05
0.0003370388597440481,0.00023526042193442652,1.9924552744017733e-05
0.0003661025283162537,0.00025427526782926033,1.901484589483381e-05
0.0003940407439849587,0.0002723289041884885,1.8053636359228195e-05
0.00042066645304730463,0.00028937170004966436,1.7042795861175835e-05
0.00044578751274749855,0.0003053563309066754,1.5984630857011027e-05
0.00046922420787719535,0.0003202381966372947,1.4881865730619309e-05
0.0004907642246035349,0.0003339758349283242,1.3737638291029509e-05
0.0005104772055554204,0.0003465313068319026,1.255547190357842e-05
0.0005279677664111054,0.0003578705582624406,1.1339251430537978e-05
0.0005431956057867678,0.00036796374821610524,1.0093189953664641e-05
0.0005561620807782997,0.00037678554240925367,8.821794193148423e-06
0.0005667460046185086,0.0003843153580399329,7.52981563067925e-06
0.000574876910364985,0.0003905375830924358,6.222225052502901e-06
0.0005804809702272904,0.000395441726599412,4.904143506976179e-06
0.0005837357130833234,0.00039902253717649276,3.5808105770807606e-06
0.0005844478178757342,0.0004012800684995829,2.257531323090155e-06
0.0005827409694336982,0.00040221969522590294,9.396267263200235e-07
0.0005786710718196468,0.00040185208067710694,-3.676145487959987e-07
0.0005723677779767081,0.00040019310337675065,-1.6589773003562866e-06
0.0005638541117746476,0.0003972637308569028,-2.929372519847853e-06
0.0005532401248472471,0.0003930898530536922,-4.173877803210601e-06
0.0005407946678710335,0.0003877020869098292,-5.387766143863013e-06
0.0005264823619966774,0.0003811355413457089,-6.566545564120306e-06
0.0005105224993196301,0.0003734295506581808,-7.705990687528102e-06
0.0004930979429546116,0.00036462738304172916,-8.802167616451617e-06
0.00047427037038166864,0.0003547759365555947,-9.85144648613448e-06
0.00045427062291483744,0.0003439254140944381,-1.0850522461156552e-05
0.000433185845528504,0.0003321289782722308,-1.1796435822207323e-05
0.0004113159347040908,0.00031944241930001216,-1.2686558972218643e-05
0.00038859896659740323,0.0003059238114946499,-1.3518607805362262e-05
0.00036529689469958285,0.00029163317521718274,-1.4290636277467157e-05
0.00034144526273387557,0.0002766321418855435,-1.5001033331639262e-05
0.0003172106162246599,0.0002609836383005918,-1.5648503584951676e-05
0.00029265892072567745,0.0002447515770781152,-1.623206122247661e-05
0.0002678476390625441,0.00022800056071579642,-1.675101636231877e-05
0.00024297143461607384,0.00021079561292836887,-1.7204947787427554e-05
0.00021799367397397698,0.00019320192500951015,-1.7593687918858724e-05
0.00019297037524727834,0.0001752846200111298,-1.7917304998380337e-05
0.00016799692238471386,0.00015710854029161515,-1.8176079719514664e-05
0.00014308224886012966,0.00013873805803224867,-1.8370482259366476e-05
0.00011825399850774396,0.00012023690411479593,-1.8501153917452735e-05
9.355747767990016e-05,0.0001016680091765836,-1.856889493821234e-05
6.909034008853107e-05,8.309337207066586e-05,-1.8574637105917734e-05
4.477473820133776e-05,6.457395280304785e-05,-1.851941926761801e-05
2.0678163614906014e-05,4.6169555370344065e-05,-1.8404397432703787e-05
-3.1144563004265047e-06,2.7938743322597013e-05,-1.8230812047747052e-05
-2.6655378681982034e-05,9.938766455405181e-06,-1.799997686719183e-05
-4.987707061565594e-05,-7.774506181331215e-06,-1.7713272636736397e-05
-7.273799757772856e-05,-2.514665791643685e-05,-1.7372151735105636e-05
-9.509863511567712e-05,-4.212476885641519e-05,-1.697811093997834e-05
-0.00011700421918075729,-5.865746726595381e-05,-1.653269840953862e-05
-0.00013839710248214274,-7.469498118338932e-05,-1.6037513917435513e-05
-0.00015919622242224069,-9.018918028096706e-05,-1.5494199097577737e-05
-0.00017933374857841133,-0.00010509361994975584,-1.4904439668788781e-05
-0.00019876401825785067,-0.00011936357891547617,-1.4269958965720331e-05
-0.00021743773347835185,-0.00013295611967069167,-1.3592540755215496e-05
-0.00023514882958466932,-0.0001458301202274119,-1.2874000556720237e-05
-0.0002519823573479685,-0.00015794632467910653,-1.2116204451694619e-05
-0.0002678102323377639,-0.00016926738958066207,-1.1321064901555547e-05
-0.00028257267073599976,-0.00017975794329984368,-1.0490553719181607e-05
-0.0002962293746912349,-0.0001893845976609185,-9.626654361074812e-06
-0.0003087080304896468,-0.00019811600833836575,-8.731410677447258e-06
-0.00032001766473918614,-0.00020592294296468736,-7.806934626321607e-06
-0.00032998894411153876,-0.00021277829179734426,-6.8553488326569074e-06
-0.00033859656462532917,-0.00021865712152836558,-5.878829731021317e-06
-0.0003458990046444378,-0.000223536708813556,-4.879587285190428e-06
-0.0003518047200256856,-0.0002273965917756331,-3.859882962077088e-06
-0.00035634978509929,-0.00023021852003167562,-2.821928256042526e-06
-0.0003595242813622494,-0.00023198650239543433,-1.7679823637587106e-06
-0.00036131129887228067,-0.00023268688290486376,-7.003805094294292e-07
-0.0003615606473131826,-0.0002323082672925553,3.786156123084601e-07
-0.0003604693295969248,-0.00023084159759875162,1.4666696938036834e-06
-0.0003579779608164427,-0.00022827998189784525,2.5616157009063743e-06
-0.0003541296414309482,-0.00022461886291118277,3.6611189866624734e-06
-0.0003488795176677731,-0.00021985586427482825,4.7629986363545245e-06
-0.0003423183372911129,-0.00021399072726837958,5.8651370064486655e-06
-0.0003344855335198141,-0.00020702538120762973,6.965346060749852e-06
-0.0003251328037096428,-0.0001989637718930113,8.061609314618417e-06
-0.00031458509142713587,-0.00018981180952120234,9.151962371808974e-06
-0.00030279765974377745,-0.0001795773025932416,1.0234506927960733e-05
-0.00028974476702210705,-0.0001682698491179716,1.1307453475270008e-05
-0.0002754130877500767,-0.0001559007251146458,1.2369124003325786e-05
-0.00025995609868774416,-0.00014248265926203793,1.3418065852607885e-05
-0.00024336049695657114,-0.0001280298810458307,1.4452778216207218e-05
-0.00022533365818279416,-0.00011255780421843435,1.5472076827396364e-05
-0.00020631313633259069,-9.608290490430525e-05,1.6474899314129098e-05
-0.0001861728419646786,-7.862250541801838e-05,1.7460399486286864e-05
-0.00016492220988871542,-6.0194570212588444e-05,1.842793520542994e-05
-0.00014258251731310602,-4.081745240523245e-05,1.9377117807355994e-05
-0.00011920385817851438,-2.050953671530364e-05,2.030791568992881e-05
-9.497041344114394e-05,7.108756395683181e-07,2.122041235487196e-05
-6.941305206793237e-05,2.282605892909732e-05,2.2115183289529002e-05
-4.307256496041342e-05,4.5819167635695245e-05,2.2993108706597924e-05
-1.5807244799735665e-05,6.967464748498734e-05,2.385547984929209e-05
1.2319730194703532e-05,9.437866252600671e-05,2.4704015041019373e-05
4.125328870699385e-05,0.00011991958838821074,2.5540925862204032e-05
7.091338107833266e-05,0.0001462885848221413,2.6368996433930554e-05
0.00010114663298468884,0.00017348006360264995,2.7191478780508652e-05
0.0001324608332800084,0.0002014923895599129,2.8012325957262946e-05
0.00016414791358148294,0.00023032852372652782,2.883613416661493e-05
0.00019609977683426698,0.00025999675081849665,2.966822709196882e-05
0.00022910739731310352,0.0002905114458721358,3.051469505363914e-05
0.0002623300743747458,0.0003218938958696438,3.1382449997508e-05
0.0002958362320776148,0.000354173221575001,3.227932570535724e-05
0.0003295113595406657,0.00038738721120766274,3.3213989632661716e-05
0.0003639701331039358,0.0004215833632942586,3.4196152086595876e-05
0.000398377638096116,0.000456819866779576,3.523650348531736e-05
0.0004330401474016386,0.0004931666504014975,3.634678362192151e-05
0.00046792494393494907,0.0005307064472807726,3.7539796879275085e-05
0.0005027802262183093,0.0005695358799908847,3.882943271011209e-05
0.000537617836565786,0.0006097665813820461,4.0230701391161445e-05
0.00057224620165576,0.0006515262145312033,4.175963314915717e-05
0.0006077229623436195,0.0006949595762977328,4.343336176652955e-05
0.0006428450047203972,0.0007402295872994531,4.527001100172029e-05
0.0006781308502947329,0.0007875182381096894,4.7288650810236254e-05
0.0007134237759468497,0.000837027436882541,4.9509198772851575e-05
0.0007487138255433991,0.0008889797453011025,5.19523084185616e-05
0.0007826593663124055,0.0009436189905440335,5.463924524293099e-05
0.0008177485992447997,0.001001210628092788,5.7591637548754524e-05
0.0008546545651779008,0.001062041985684955,6.083135759216694e-05
0.0008909354403430526,0.0011264222055323374,6.438021984738244e-05
0.000928130785952521,0.0011946819260178182,6.825972048548072e-05
0.0009657047625838133,0.0012671726376752178,7.24907116573996e-05
0.0010033214413306124,0.001344265691828023,7.709305415280515e-05
0.0010386179286148746,0.0014263509362334981,8.208524440547521e-05
0.0010776720172836624,0.0015138348661490255,8.748392991552736e-05
0.0011220632384932316,0.001607138396295061,9.330353014603545e-05
0.0011657141549526878,0.0017066940871360195,9.955569084095853e-05
0.0012124154691124031,0.0018129428877122053,0.00010624880057618583
0.0012564739683903897,0.0019263303241367515,0.00011338743642454619
0.0013110070059362267,0.0020473021561555568,0.0001209718320188053
0.001365088059966546,0.002176299490867446,0.00012899733471188933
0.001423693482253914,0.002313753272894038,0.00013745378202659198
0.001493356622540118,0.0024600783260785675,0.00014632505318452936
0.0015654520601160182,0.002615666802147758,0.0001555884760691905
0.0016456559024716488,0.002780881165668856,0.0001652143635210981
0.0017359067352220175,0.0029560467168358376,0.00017516555116698154
0.0018356641534294157,0.003141443730844216,0.00018539701400837856
0.001945927992278336,0.003337299301414953,0.0001958555705707369
0.0020673676931437443,0.003543778835563804,0.00020647953414885088
0.002211746678178708,0.003760977539297322,0.00021719870373351812
0.0023669479049955727,0.003988911760493443,0.00022793422119612083
0.002541243735602869,0.004227510448379789,0.00023859868788634643
0.002735116773441605,0.004476606795894181,0.00024909634751439126
0.0029509790830029928,0.004735930238308193,0.0002593234424140122
0.003189247478829982,0.005005098968507153,0.0002691687301989605
0.003451161314906692,0.005283612963135431,0.0002785139946282775
0.003747566078702899,0.005570847969586311,0.00028723500645088003
0.004066095607336839,0.005866050319537199,0.0002952023499508882
0.0044153781953162885,0.006168332894948645,0.000302282575411446
0.004795282157311398,0.006476672313883124,0.0003083394189344786
0.005206680832009314,0.006789907531245155,0.0003132352173620314
0.005648708368610256,0.0071067399873120055,0.0003168324560668505
0.00612149639008043,0.007425735258571054,0.0003189952712590481
0.006629904169571946,0.0077453266368643124,0.00031959137829325884
0.0071654274123253425,0.008063820385318029,0.0003184937484537161
0.007729648689021262,0.008379402904897063,0.0003155825195790343
0.008319839210197938,0.008690149812357573,0.00031074690746051015
0.00893344749932301,0.00899403691828669,0.0003038871059291171
0.009566522253156018,0.009288953109285193,0.0002949161909985027
0.010214102229853,0.00957271493479687,0.0002837618255116768
0.010876028813597782,0.009843083104512368,0.0002703681697154986
0.011540398260689588,0.010097780462965627,0.0002546973584532583
0.012204348057255038,0.010334511477414671,0.00023673101444904483
0.01286062431923607,0.010550982987907805,0.0002164715104931332
0.01350228263647571,0.010744926042080142,0.000193943054172337
0.014121478035892115,0.010914118581127806,0.00016919253904766444
0.014709924384239126,0.011056408588934275,0.0001422900078064688
0.015262732298435,0.01116973770167011,0.00011332911273583511
0.015767496065557385,0.01125216467941483,8.242697774472028e-05
0.01621837283565547,0.01130188863204319,4.972395262835966e-05
0.016607102452438405,0.011317271582875757,1.5382950832566744e-05
0.016926307515893968,0.011296860141067218,-2.04114418085391e-05
0.01716874064172691,0.011239405875215836,-5.7454265851381026e-05
0.01732772591591686,0.011143884172881518,-9.552170233431863e-05
0.017400123870157602,0.011009511194003289,-0.00013437297887822913
0.017377497435759948,0.010835758810142614,-0.00017375238386067512
0.017257838837518413,0.010622367086662301,-0.0002133917234803124
0.01703805580515172,0.010369354253686593,-0.0002530128329757079
0.016716628716232418,0.010077023943505937,-0.00029233031018065583
0.016292804061884048,0.009745969415228945,-0.00033105452827699236
0.015767153496399733,0.009377074905074806,-0.00036889451015413924
0.015143488814381711,0.008971513844475884,-0.0004055610605989222
0.014421965373202061,0.008530743972959269,-0.00044076987151661466
0.01360870213192733,0.00805649937517007,-0.00047424459778919875
0.012708324083937073,0.007550779415021372,-0.0005057199601486984
0.01172777178390405,0.007015835116997509,-0.0005349442980238633
0.010673764141851061,0.006454152359737913,-0.0005616827572595953
0.00955442986613686,0.005868432701762798,-0.0005857196579751155
0.00838099755257593,0.005261571875331484,-0.0006068608264313139
0.007159157246023451,0.004636636217156871,-0.000624935658174613
0.005901226710218088,0.003996837148805977,-0.0006397990683508943
0.004616705203433491,0.0033455042600691745,-0.0006513328887368022
0.0033162145992857717,0.0026860573035965888,-0.0006594469564725858
0.00200985278967869,0.0020219771485370437,-0.0006640801550595451
0.0007075743168113435,0.0013567762399164555,-0.0006652009086205882
-0.0005769277230427416,0.0006939692413503777,-0.0006628069985660777
-0.0018393274136599969,3.704342111144165e-05,-0.0006569258202389361
-0.003067010570187212,-0.0006105701714257921,-0.0006476135925372338
-0.004252379338171797,-0.0012455248502166235,-0.0006349546787908313
-0.005386930438987636,-0.001864584998135886,-0.0006190601479192626
-0.0064638353821016015,-0.0024646517045724477,-0.0006000667064365616
-0.007476824380672764,-0.0030427866044113587,-0.000578134899838911
-0.008415763367857654,-0.0035962335663448143,-0.0005534469619334556
-0.009282396408342386,-0.004122438653435995,-0.0005262050870911811
-0.010068742457064683,-0.0046190675641746125,-0.0004966289107386172
-0.010772897694740768,-0.005084020829001615,-0.00046495326482700206
-0.0113920754084883,-0.0055154462376456066,-0.00043142540864399195
-0.011925571528601298,-0.005911749072829213,-0.0003963028351836066
-0.012373082280190517,-0.006271599569199485,-0.00035985049637027224
-0.012730273363416422,-0.006593937686396549,-0.0003223381171970638
-0.013005589232807535,-0.006877975536299626,-0.00028403784990307674
-0.013195734025455264,-0.007123197208431902,-0.0002452216721322764
-0.013303897965492417,-0.007329356264405867,-0.00020615905597396508
-0.013333942961607947,-0.007496470796441475,-0.00016711453203560774
-0.01328859372923441,-0.00762481651391673,-0.00012834571747525475
-0.01317181510300014,-0.007714917778817031,-9.01012649003009e-05
-0.012984067263674348,-0.007767536674792589,-5.261889597555844e-05
-0.012735940637882193,-0.007783660595664067,-1.6123920871477862e-05
-0.012428083114732924,-0.0077644882245538945,1.9172371110172566e-05
-0.012066185643773819,-0.007711414340456534,5.307388409736026e-05
-0.01165501070919206,-0.007626013356161027,8.540098429550731e-05
-0.011199666255258478,-0.007510022134651459,0.00011599122150956782
-0.010705506987811586,-0.007365322036433016,0.00014470009821844314
-0.010173660177889288,-0.007193920355561116,0.00017140168087190037
-0.009615445330055206,-0.006997931543470485,0.00019598881209063022
-0.009031057711506696,-0.006779558181716077,0.00021837336175440855
-0.00842668043834599,-0.006541072011374117,0.00023848617034195971
-0.007806297416507513,-0.006284795023085226,0.0002562769882888914
-0.007175193668273794,-0.006013080947847284,0.0002717140752379419
-0.0065371965827261125,-0.005728297179420093,0.00028478376842719106
-0.005896663897950738,-0.005432807155320259,0.0002954900240998339
-0.005256163259481084,-0.005128953549065114,0.0003038536062551448
-0.004623079645046824,-0.004819042163408895,0.00030991138565621915
-0.003998788002777781,-0.0045053267530445655,0.0003137154103643293
-0.0033869809711455645,-0.004189994738079893,0.0003153320149646725
-0.0027915256443859227,-0.0038751540114891287,0.0003148407265907644
-0.002214568195607558,-0.0035628208868027484,0.0003123331246863803
-0.001663097079028092,-0.003254909063982704,0.0003079118228200444
-0.0011384039486931619,-0.002953219928814229,0.0003016891351684749
-0.0006416235597058451,-0.0026594340069010774,0.0002937859219131517
-0.000176525437562719,-0.0023751037327744856,0.0002843302741265918
0.0002594814878157936,-0.002101647421033506,0.00027345631174097943
0.0006520399421224565,-0.0018403445711454637,0.00026130284988804247
0.0010115014827829782,-0.001592332511474701,0.0002480120596707626
0.0013340496301992022,-0.001358604181923354,0.00023372832955134704
0.00161011933993635,-0.0011400072693547251,0.0002185969125686289
0.001851195687745416,-0.0009372445260996551,0.00020276274325507
0.002050695933792729,-0.0007508753007154987,0.00018636922538415636
0.002208681942318408,-0.0005813181269358335,0.00016955717377966522
0.002327328688718433,-0.0004288544230695462,0.00015246370386628734
0.0024074497260433425,-0.0002936333320748245,0.00013522109099472167
0.002452809482497209,-0.00017567720387714174,0.00011795612819768278
0.0024530284400035574,-7.488818709304646e-05,0.00010078901678409527
0.002426307040578113,8.944572928214109e-06,8.383276002126057e-05
0.0023668453075061935,7.613698861503112e-05,6.719241568681702e-05
0.0022784386460856787,0.00012710167760121452,5.0964688986183395e-05
0.002163086567351813,0.00016233901074890757,3.5237333147693055e-05
0.002024716332541865,0.00018242784211730024,2.008883136839267e-05
0.0018682814858033137,0.00018801622005608625,5.588377938786008e-06
0.0016861844618881183,0.00017981174546611957,-8.204474589966682e-06
0.0014973732980336774,0.00015857210386857043,-2.123964159754914e-05
0.0012955454303083536,0.0001250956138489802,-3.347649001959023e-05
0.0010854010589299024,8.021215959115016e-05,-4.488345425783004e-05
0.0008694078541697237,2.4774317105368965e-05,-5.5437842485781196e-05
0.0006512164469605342,-4.035116501621093e-05,-6.512548212157989e-05
0.0004339135265356564,-0.00011429109157364798,-7.393992655743706e-05
0.00021318046604718033,-0.0001961732716683449,-8.188218009469691e-05
-1.0498782260226491e-07,-0.0002851331420465016,-8.89598703781567e-05
-0.00020866536486358056,-0.00038031979850127715,-9.518665645477555e-05
-0.0004105814492977311,-0.00048090114220054734,-0.0001005813436992702
-0.0006053315039704077,-0.0005860684236794933,-0.00010516728147894598
-0.0007919193291465731,-0.0006950400031816973,-0.00010897157950220395
-0.0009683401800286706,-0.0008070641280957874,-0.0001120241249140901
-0.0011400704285966512,-0.0009214212068499638,-0.0001143570787541764
-0.0012997983268545066,-0.0010374251744725952,-0.00011600396762263148
-0.0014520928136222966,-0.0011544242384376672,-0.00011699906396507196
-0.0015955915537473886,-0.001271800842009799,-0.00011737660357213171
-0.0017326193983522864,-0.001388971159540419,-0.00011717031753062006
-0.0018629672907787276,-0.001505384036296753,-0.00011641287675633397
-0.0019860903080545222,-0.001620519288015084,-0.00011513525171833101
-0.0021072738067419716,-0.0017338858128998346,-0.00011336652488475062
-0.0022219932824835142,-0.001845019240510701,-0.00011113342761086644
-0.0023338298643745814,-0.001953479427274533,-0.00010846018676383216
-0.002442904486315234,-0.002058847655066021,-0.00010536822779148771
-0.0025502222186763457,-0.002160723907524184,-0.00010187625245816319
-0.0026562265187863865,-0.0022587240762381934,-9.800016871400934e-05
-0.0027595333982482484,-0.0023524771928700857,-9.375311663189232e-05
-0.002865077155066731,-0.0024416227762874133,-8.914558341732758e-05
-0.002967801072136206,-0.0025258085177319025,-8.418574144448921e-05
-0.0030704556663199434,-0.0026046880841245103,-7.887956639260774e-05
-0.0031722122460245694,-0.002677919286097048,-7.323120197253764e-05
-0.00327296163075122,-0.002745162535355841,-6.724324925879311e-05
-0.003372704662871845,-0.0028060797809040124,-6.091724554817138e-05
-0.003467729880803433,-0.002860333785456942,-5.4254004552929756e-05
-0.003563086739914262,-0.0029075877569666865,-4.725397150974432e-05
-0.003652946780570626,-0.0029475055682167905,-3.991781125010398e-05
-0.0037389369486098833,-0.0029797522666769236,-3.2246698460133144e-05
-0.0038191195389168653,-0.0030039951164690924,-2.4242849792168765e-05
-0.0038935015906878534,-0.003019905001317392,-1.5909884848299815e-05
-0.003961010900632833,-0.0030271582768410478,-7.253275523655574e-06
-0.004016813185260343,-0.0030254389277300166,1.7193491110311689e-06
-0.0040662939566885326,-0.003014441056222927,1.0997871507089588e-05
-0.004104290201399269,-0.00299387191410696,2.0569142115966794e-05
-0.004131109738391592,-0.0029634549382573337,3.041697584962649e-05
-0.0041455342311372545,-0.002922933106458053,4.052183179928089e-05
-0.004147405747475297,-0.0028720726861569583,5.0860420301094503e-05
-0.004136275972797421,-0.002810666890572646,6.140579558431246e-05
-0.004104950285435421,-0.0027385397424560727,7.212714811657321e-05
-0.004064627367940721,-0.0026555500976304875,8.298964482558518e-05
-0.004004818892732603,-0.002561595587003403,9.395451062708428e-05
-0.003929282241246085,-0.0024566165970443107,0.0001049789899590925
-0.0038359673272394257,-0.002340600058220066,0.0001160165388242448
-0.003725636680585259,-0.002213583437170531,0.0001270166210495349
-0.003596257934616487,-0.002075658195769568,0.00013792524140096313
-0.003445684400738197,-0.0019269732294730161,0.00014868496629655173
-0.003282583715345816,-0.0017677380699694916,0.0001592351595035245
-0.0030964577990666986,-0.0015982257442794072,0.0001695123256900844
-0.0028925384158830503,-0.0014187753175248052,0.00017945042675460198
-0.002669130246178847,-0.001229793941834613,0.00018898137569019224
-0.002427675916109706,-0.0010317587690720671,0.00019803517276254586
-0.0021679530241171807,-0.0008252180189252318,0.00020654075014683534
-0.001884641740915266,-0.0006107917663130861,0.0002144262526121457
-0.0015906621593333031,-0.0003891721427401597,0.00022161962357292636
-0.0012745582649160425,-0.0001611229304461134,0.00022804921229404633
-0.0009430951500038337,7.252145588115507e-05,0.00023364438632726846
-0.0005952990716643902,0.00031085769451878726,0.0002383362386376322
-0.0002327192396830713,0.0005529157890810914,0.0002420580945623042
0.000143538697316703,0.0007976621899950884,0.000244746400913997
0.0005361446554276866,0.0010440035510243606,0.0002463413610292722
0.0009344370380046513,0.001290791184493413,0.00024678763346905244
0.0013460823985589898,0.001536826276750071,0.00024603509225665796
0.0017648067956448354,0.001780865792963166,0.000244039516213095
0.0021897547921286564,0.0020216291899567856,0.00024076339699361958
0.0026182955744010195,0.002257805629594065,0.00023617643963727954
0.003048416213829591,0.002488062056458824,0.00023025642686475868
0.003480604247641822,0.002711051767501641,0.00022298971104281733
0.003904599642305523,0.0029254235904518098,0.0002143718229501686
0.0043259502208624345,0.0031298315538342615,0.0002044079633824517
0.004737262832165662,0.003322944992161466,0.00019311343832720436
0.0051368494783566865,0.0035034590645524155,0.00018051407239094968
0.0055208849377715585,0.003670105392677569,0.00016664632812515368
0.005886712392728755,0.0038216630363710202,0.00015155764369345105
0.006233221682297646,0.003956969430122394,0.0001353063937513735
0.006551825063636857,0.004074931251435555,0.00011796182131316134
0.006840576395024889,0.004174535150411418,9.960389897586269e-05
0.007101580787577028,0.00425485813677962,8.032298636820225e-05
0.007326903767362725,0.004315077602219585,6.021946543996459e-05
0.007514306801933351,0.004354480645851767,3.940304363218242e-05
0.007661173716947772,0.00437247284806596,1.7992202214192968e-05
0.007765405566438316,0.00436858617625853,-3.886671807429819e-06
0.007823714227552098,0.004342485902939411,-2.610027331911933e-05
0.007831487435700668,0.004293976537799885,-4.8509365139525785e-05
0.007792907605937871,0.004223006542939924,-7.096999485996063e-05
0.007703174413967312,0.004129671907987751,-9.333463495217378e-05
0.007561375925684843,0.004014218219892288,-0.00011545368809546229
0.007367578146963261,0.0038770414955360106,-0.0001371767243562778
0.007123530499660136,0.0037186875324115,-0.00015835396312451067
0.006825050869101623,0.0035398497483051985,-0.00017883778410630142
0.0064792911897766925,0.003341365551234477,-0.00019848419707072136
0.006084984431571683,0.0031242112360981194,-0.00021715431513635777
0.005645410621959113,0.0028894955272417335,-0.00023471570885638584
0.005163088765476331,0.0026384515468015927,-0.0002510439804401408
0.004641628714642909,0.002372427591448838,-0.0002660239553527546
0.0040863781911684716,0.0020928767201870294,-0.00027955087126180873
0.0034976602297453474,0.0018013450445298696,-0.0002915316756571598
0.002885321117395201,0.0014994591593468283,-0.00030188588518304123
0.002251750819448395,0.0011889126072680252,-0.0003105465520788031
0.001602658157047132,0.0008714518453343498,-0.0003174607619336754
0.0009436399888240743,0.0005488613115012037,-0.0003225905338331461
0.00028041013065460696,0.00022294847977515533,-0.0003259128317260484
-0.0003803734548593063,-0.00010447145035440212,-0.0003274199301295575
-0.0010365584129568006,-0.0004315908964901695,-0.0003271194461357674
-0.001678441491964111,-0.0007566249889174554,-0.0003250340924272859
-0.0023034049359665354,-0.0010778263518043283,-0.0003212013628868729
-0.002905755753897288,-0.0013934992757969,-0.0003156729239925716
-0.0034813564013013165,-0.001702013394252603,-0.0003085141184557031
-0.004025959960390957,-0.0020018163187468974,-0.0002998029244942943
-0.0045349785002257725,-0.0022914453064357544,-0.000289628987688857
-0.005007855315476706,-0.0025695379522513505,-0.00027809264581559606
-0.005439027769190308,-0.0028348415330027485,-0.0002653035807513981
-0.005828058682724568,-0.0030862211285912163,-0.0002513795955884678
-0.0061730025632890095,-0.003322666164761249,-0.00023644503617003274
-0.006473232274735841,-0.003543295896160888,-0.00022062973139963873
-0.006728009088635856,-0.003747363042842096,-0.00020406714668120803
-0.0069364201198427455,-0.003934256147495798,-0.0001868931046537024
-0.007101766118652653,-0.004103500505219333,-0.00016924435772353464
-0.007222175574019968,-0.004254757585230971,-0.00015125708001163807
-0.007300519051155752,-0.0043878231552432565,-0.00013306557001228556
-0.007337950861983855,-0.0045026239543613355,-0.00011480079911807897
-0.007337778466470352,-0.00459921356045018,-9.658960608884427e-05
-0.007300948029517945,-0.0046777666263887845,-7.85530659386047e-05
-0.0072303820848623745,-0.004738572239212118,-6.080561282333346e-05
-0.007129562484678026,-0.004782026586200612,-4.345434698849442e-05
-0.006999975579701362,-0.004808624750111563,-2.6598163910950857e-05
-0.00684586255675218,-0.0048189519130421975,-1.0327162930634341e-05
-0.00666963790843178,-0.004813673912793919,5.2780002482788815e-06
-0.006474649305577396,-0.004793527770245732,2.014614254818633e-05
-0.006263227530331622,-0.004759311660453305,3.4216109792426994e-05
-0.006039626621409777,-0.004711874968130936,4.743669232236923e-05
-0.0058062320387984034,-0.004652108360134788,5.976660799614838e-05
-0.005563758877932368,-0.004580934008458248,7.117435167653969e-05
-0.0053167905353784795,-0.004499296109083413,8.163789937483488e-05
-0.005066863379329545,-0.004408151624838003,9.114448424540986e-05
-0.004816319628291793,-0.0043084617818793846,9.968984295861873e-05
-0.004566981219200628,-0.004201183851191022,0.00010727793068836255
-0.00432100269307667,-0.0040872635859037065,0.00011392026528731555
-0.004080982539834133,-0.003967628367219204,0.00011963521868450268
-0.0038447543463969586,-0.003843181020608905,0.0001244473466102988
-0.0036160308410695535,-0.003714794376083354,0.00012838664452555085
-0.0033949143890702332,-0.0035833064831779517,0.0001314878929054024
-0.0031823546487020488,-0.003449516694107977,0.00013378978906997477
-0.002978144858232931,-0.0033141824740757107,0.00013533422003226625
-0.0027836131115316076,-0.0031780167703208267,0.00013616570375488395
-0.0026003469855105377,-0.0030416862464398547,0.00013633052388097207
-0.0024243365999563754,-0.0029058101102831272,0.00013587613615672744
-0.002256783120486744,-0.0027709595868704506,0.00013485052341267664
-0.0020986734085424175,-0.0026376578349631293,0.0001333017519073213
-0.001948968862344691,-0.002506380684195033,0.00013127715076809631
-0.0018067037768173533,-0.002377557493214704,0.0001288231909803289
-0.001672759006555738,-0.00225157261229415,0.00012598488092055394
-0.001549438496897551,-0.002128767159661943,0.00012280545263220703
-0.001428489438155725,-0.0020094410972353346,0.00011932606242660848
-0.0013150558998462902,-0.001893855530559666,0.00011558556667566871
-0.0012075035405949702,-0.001782235156275772,0.00011162037428389402
-0.0011057874141056911,-0.0016747710036807608,0.0001074641525950111
-0.0010086677719707976,-0.0015716230398553268,0.00010314796382543401
-0.0009187471732533675,-0.0014729229476566803,9.870009219864646e-05
-0.0008343974587914083,-0.0013787768855576137,9.414606209906659e-05
-0.0007515004950769677,-0.001289268193581597,8.950869197601671e-05
-0.000674708738452795,-0.0012044600543504734,8.480813923112361e-05
-0.0006022226026794059,-0.0011243979827534395,8.006207159703396e-05
-0.0005342282456115011,-0.0010491123708767506,7.528561187668888e-05
-0.0004717137596964571,-0.0009786207004377778,7.049167043897278e-05
-0.00041257725900591125,-0.0009129297313408391,6.569096909693874e-05
-0.0003618304286489432,-0.000852037495785798,6.0892235555041075e-05
-0.00031097355933736026,-0.0007959351390267854,5.610235675901256e-05
-0.0002659193933847587,-0.0007446086088435749,5.132653018321057e-05
-0.00022509471686966986,-0.0006980401175038836,4.656849133969124e-05
-0.00018868869265946386,-0.0006562095693953767,4.18305481085069e-05
-0.000155437157959043,-0.0006190957106659358,3.711385872944093e-05
-0.0001273470679095945,-0.0005866771800308305,3.241853063510529e-05
-0.00010423506964582496,-0.0005589334231915797,2.774375683925077e-05
-8.094697928302808e-05,-0.0005358454613041621,2.3087961887417567e-05
-6.136051650638963e-05,-0.0005173965465241899,1.844891477997227e-05
-4.3819532186059607e-05,-0.0005035726422850896,1.382390423910031e-05
-2.8107518992209757e-05,-0.0004943628992710185,9.2097430140711e-06
-1.2567681662301045e-05,-0.0004897599056660801,4.6029936049383786e-06
