,Date_reported,New_cases,NormalizedCases,SmoothedCases
0,2020-01-03,0,0.0,0.07557332387750985
1,2020-01-04,0,0.0,0.09091409025901771
2,2020-01-05,0,0.0,0.10984155213784529
3,2020-01-06,0,0.0,0.13323973859788493
4,2020-01-07,0,0.0,0.16220793896958716
5,2020-01-08,0,0.0,0.19811033532936795
6,2020-01-09,0,0.0,0.2426360485200693
7,2020-01-10,0,0.0,0.2978714637193049
8,2020-01-11,0,0.0,0.36638694414426776
9,2020-01-12,0,0.0,0.45134028988909486
10,2020-01-13,0,0.0,0.5565995451864729
11,2020-01-14,0,0.0,0.6868879912581183
12,2020-01-15,0,0.0,0.8479543705519791
13,2020-01-16,0,0.0,1.046771556191817
14,2020-01-17,0,0.0,1.2917669900733988
15,2020-01-18,0,0.0,1.593088244238373
16,2020-01-19,0,0.0,1.9629069912255506
17,2020-01-20,0,0.0,2.415764477240844
18,2020-01-21,0,0.0,2.968961254132826
19,2020-01-22,0,0.0,3.642993419921472
20,2020-01-23,0,0.0,4.462036922327871
21,2020-01-24,0,0.0,5.4544805774894956
22,2020-01-25,0,0.0,6.653507332704994
23,2020-01-26,0,0.0,8.097721948231017
24,2020-01-27,0,0.0,9.831821684947425
25,2020-01-28,0,0.0,11.907304764368318
26,2020-01-29,2,8.767200150795842e-06,14.383209323960767
27,2020-01-30,0,0.0,17.32687334020963
28,2020-01-31,1,4.383600075397921e-06,20.814703558265457
29,2020-02-01,0,0.0,24.93293888270401
30,2020-02-02,0,0.0,29.778390990595714
31,2020-02-03,0,0.0,35.459142177827275
32,2020-02-04,0,0.0,42.09517770620491
33,2020-02-05,0,0.0,49.818927259064715
34,2020-02-06,0,0.0,58.77568762784115
35,2020-02-07,0,0.0,69.12389654712314
36,2020-02-08,0,0.0,81.03522579189439
37,2020-02-09,0,0.0,94.69446038252171
38,2020-02-10,0,0.0,110.29913015673624
39,2020-02-11,0,0.0,128.05886021706175
40,2020-02-12,0,0.0,148.1944080026042
41,2020-02-13,0,0.0,170.93635711637552
42,2020-02-14,0,0.0,196.52344170005378
43,2020-02-15,0,0.0,225.20048020019894
44,2020-02-16,0,0.0,257.2159038920147
45,2020-02-17,0,0.0,292.81887355212007
46,2020-02-18,0,0.0,332.25598717824465
47,2020-02-19,0,0.0,375.7675925541678
48,2020-02-20,0,0.0,423.5837305932181
49,2020-02-21,0,0.0,475.9197485267095
50,2020-02-22,14,6.13704010555709e-05,532.9716358195955
51,2020-02-23,62,0.00027178320467467114,594.911149802611
52,2020-02-24,53,0.00023233080399608983,661.8808119464175
53,2020-02-25,97,0.0004252092073135984,733.9888689478606
54,2020-02-26,93,0.00040767480701200666,811.3043247868386
55,2020-02-27,78,0.00034192080588103785,893.852160056154
56,2020-02-28,250,0.0010959000188494803,981.6088625777058
57,2020-02-29,238,0.0010432968179447052,1074.4983980346392
58,2020-03-01,240,0.0010520640180955011,1172.3887505643509
59,2020-03-02,566,0.0024811176426752235,1275.0891605500296
60,2020-03-03,342,0.001499191225786089,1382.3481799109309
61,2020-03-04,466,0.0020427576351354313,1493.8526538559984
62,2020-03-05,587,0.0025731732442585797,1609.2277223258716
63,2020-03-06,769,0.0033709884579810013,1728.0379143776393
64,2020-03-07,778,0.003410440858659583,1849.7893849252039
65,2020-03-08,1247,0.005466349294021208,1973.9333160846465
66,2020-03-09,1492,0.006540331312493698,2099.870475616899
67,2020-03-10,1797,0.007877329335490065,2226.9568934990916
68,2020-03-11,977,0.004282777273663769,2354.51058551424
69,2020-03-12,2313,0.010139266974395392,2481.819221046153
70,2020-03-13,2651,0.01162092379987989,2608.148602174724
71,2020-03-14,2547,0.011165029392038506,2732.7517938606275
72,2020-03-15,3497,0.01532944946366653,2854.8787216118817
73,2020-03-16,3590,0.015737124270678537,2973.7860345571344
74,2020-03-17,3233,0.014172179043761479,3088.7470191755297
75,2020-03-18,3526,0.015456573865853071,3199.0613427118756
76,2020-03-19,4207,0.018441805517199057,3304.0644059596175
77,2020-03-20,5322,0.023329519601267737,3403.136092775348
78,2020-03-21,5986,0.026240230051331956,3495.7087182665286
79,2020-03-22,6557,0.02874326569438417,3581.273998652097
80,2020-03-23,5560,0.02437281641921244,3659.3888926446016
81,2020-03-24,4789,0.020993060761080644,3729.6801959060886
82,2020-03-25,5249,0.02300951679576369,3791.847805544683
83,2020-03-26,5210,0.02283855639282317,3845.666609443101
84,2020-03-27,6153,0.02697229126392341,3890.986994043292
85,2020-03-28,5959,0.026121872849296214,3927.7340026161714
86,2020-03-29,5974,0.026187626850427182,3955.9052126140514
87,2020-03-30,5217,0.022869241593350957,3975.5674341210893
88,2020-03-31,4050,0.01775358030536158,3986.8523605199703
89,2020-04-01,4053,0.017766731105587776,3989.9513263188865
90,2020-04-02,4782,0.02096237556055286,3985.1093449102896
91,2020-04-03,4668,0.020462645151957497,3972.6186104082585
92,2020-04-04,4585,0.02009880634569947,3952.811652461687
93,2020-04-05,4805,0.02106319836228701,3926.054331172183
94,2020-04-06,4316,0.01891961792541743,3892.7388513297797
95,2020-04-07,3599,0.01577657667135712,3853.2769617243453
96,2020-04-08,3039,0.013321760629134283,3808.0934871040545
97,2020-04-09,3836,0.016815489889226425,3757.6203183957878
98,2020-04-10,4204,0.018428654716972862,3702.2909621407293
99,2020-04-11,3951,0.017319603897897187,3642.53572384516
100,2020-04-12,4694,0.020576618753917843,3578.7775732127557
101,2020-04-13,4092,0.017937691508528295,3511.428713068078
102,2020-04-14,3153,0.013821491037729646,3440.8878491633504
103,2020-04-15,2972,0.013028059424082621,3367.5381358103004
104,2020-04-16,2667,0.011691061401086255,3291.7457530646643
105,2020-04-17,3786,0.01659630988545653,3213.8590555027627
106,2020-04-18,3493,0.015311915063364939,3134.2082207715566
107,2020-04-19,3491,0.015303147863214144,3053.1053181846632
108,2020-04-20,3047,0.013356829429737467,2970.844713620627
109,2020-04-21,2256,0.00988940177009771,2887.703726642162
110,2020-04-22,2729,0.011962844605760928,2803.943458746598
111,2020-04-23,3370,0.014772732254090995,2719.809717521489
112,2020-04-24,2646,0.0115990057995029,2635.533969679823
113,2020-04-25,3021,0.01324285582777712,2551.334265903998
114,2020-04-26,2357,0.0103321453777129,2467.416091536026
115,2020-04-27,2324,0.01018748657522477,2383.9731088232093
116,2020-04-28,1739,0.007623080531116985,2301.187768108244
117,2020-04-29,2091,0.009166107757657053,2219.2317765404505
118,2020-04-30,2086,0.009144189757280064,2138.266423152779
119,2020-05-01,1872,0.008206099341144909,2058.4427681524944
120,2020-05-02,1965,0.008613774148156915,1979.9017117574472
121,2020-05-03,1900,0.00832884014325605,1902.773963711832
122,2020-05-04,1389,0.006088820504727713,1827.1799386625712
123,2020-05-05,1221,0.005352375692060862,1753.2296048811174
124,2020-05-06,1075,0.004712370081052766,1681.0223144618599
125,2020-05-07,1444,0.006329918508874598,1610.6466422675219
126,2020-05-08,1401,0.006141423705632487,1542.1802587249285
127,2020-05-09,1327,0.005817037300053041,1475.6898583393177
128,2020-05-10,1083,0.004747438881655948,1411.2311617528806
129,2020-05-11,802,0.003515647260469133,1348.8490045938224
130,2020-05-12,744,0.0032613984560960533,1288.5775215126862
131,2020-05-13,1402,0.006145807305707886,1230.4404289351821
132,2020-05-14,888,0.0038926368669533543,1174.4514054030328
133,2020-05-15,992,0.004348531274794738,1120.6145641222581
134,2020-05-16,789,0.00345866045948896,1068.9250086503691
135,2020-05-17,875,0.0038356500659731813,1019.3694596477864
136,2020-05-18,675,0.002958930050893597,971.9269383702942
137,2020-05-19,451,0.0019770036340044624,926.5694911229452
138,2020-05-20,813,0.00356386686129851,883.2629382272673
139,2020-05-21,665,0.0029150940501396177,841.9676311336713
140,2020-05-22,642,0.0028142712484054656,802.639202070453
141,2020-05-23,652,0.0028581072491594447,765.2292919666279
142,2020-05-24,669,0.0029326284504412096,729.6862442071676
143,2020-05-25,531,0.0023276916400362963,695.9557539541638
144,2020-05-26,300,0.0013150800226193764,663.9814651693304
145,2020-05-27,397,0.0017402892299329747,633.7055099768396
146,2020-05-28,584,0.002560022444032386,605.0689874921906
147,2020-05-29,593,0.0025994748447109675,578.0123816055278
148,2020-05-30,516,0.0022619376389053274,552.4759193545293
149,2020-05-31,416,0.0018235776313655352,528.399873378534
150,2020-06-01,355,0.001556178026766262,505.7248134574063
151,2020-06-02,178,0.00078028081342083,484.3918132714104
152,2020-06-03,318,0.001393984823976539,464.3426192578598
153,2020-06-04,321,0.0014071356242027328,445.51978879111203
154,2020-06-05,177,0.000775897213345432,427.8668048963558
155,2020-06-06,518,0.0022707048390561233,411.32817436086674
156,2020-06-07,270,0.0011835720203574387,395.84951547706464
157,2020-06-08,197,0.0008635692148533905,381.37764079637964
158,2020-06-09,280,0.0012274080211114179,367.8606392534442
159,2020-06-10,283,0.0012405588213376118,355.24796090040485
160,2020-06-11,202,0.0008854872152303801,343.490506333912
161,2020-06-12,379,0.0016613844285758121,332.5407217616905
162,2020-06-13,163,0.0007145268122898612,322.3526995943246
163,2020-06-14,346,0.0015167256260876808,312.88228350588236
164,2020-06-15,338,0.0014816568254844974,304.0871761197808
165,2020-06-16,301,0.0013194636226947743,295.9270468692299
166,2020-06-17,210,0.0009205560158335635,288.36363716972573
167,2020-06-18,328,0.0014378208247305183,281.360859829248
168,2020-06-19,331,0.001450971624956712,274.8848896054808
169,2020-06-20,-148,-0.0006487728111588924,268.90424198550704
170,2020-06-21,264,0.0011572704199050512,263.3898375919121
171,2020-06-22,224,0.0009819264168891345,258.31505008436585
172,2020-06-23,221,0.0009687756166629406,253.6557359978081
173,2020-06-24,113,0.0004953468085199651,249.39024560524086
174,2020-06-25,577,0.0025293372435046006,245.49941458185938
175,2020-06-26,296,0.0012975456223177848,241.96653694540467
176,2020-06-27,255,0.0011178180192264698,238.77732042456356
177,2020-06-28,175,0.0007671300131946362,235.91982603508913
178,2020-06-29,174,0.0007627464131192383,233.38439419774193
179,2020-06-30,126,0.0005523336095001381,231.1635601928913
180,2020-07-01,142,0.0006224712107065049,229.25196209776763
181,2020-07-02,182,0.0007978152137224217,227.64624458243657
182,2020-07-03,201,0.0008811036151549822,226.34496204246818
183,2020-07-04,223,0.0009775428168137365,225.34848451693395
184,2020-07-05,235,0.0010301460177185116,224.65890968051727
185,2020-07-06,192,0.0008416512144764008,224.27998391219137
186,2020-07-07,208,0.0009117888156827676,224.21703503706905
187,2020-07-08,137,0.0006005532103295152,224.47691882210353
188,2020-07-09,193,0.0008460348145517988,225.06798069190566
189,2020-07-10,214,0.0009380904161351551,226.0000334314902
190,2020-07-11,276,0.0012098736208098263,227.28435087336334
191,2020-07-12,188,0.0008241168141748092,228.93367674369276
192,2020-07-13,234,0.0010257624176431136,230.96224698457178
193,2020-07-14,169,0.0007408284127422487,233.38582299644133
194,2020-07-15,114,0.000499730408595363,236.22173237813442
195,2020-07-16,162,0.0007101432122144632,239.4889129051413
196,2020-07-17,230,0.001008228017341522,243.20795470488366
197,2020-07-18,231,0.0010126116174169197,247.40113488820182
198,2020-07-19,249,0.0010915164187740823,252.09243830782546
199,2020-07-20,218,0.0009556248164367468,257.3075576675784
200,2020-07-21,190,0.000832884014325605,263.07386593149835
201,2020-07-22,128,0.0005611008096509339,269.42035391087165
202,2020-07-23,280,0.0012274080211114179,276.37752606907657
203,2020-07-24,306,0.0013413816230717639,283.97724800612843
204,2020-07-25,252,0.0011046672190002762,292.2525397896244
205,2020-07-26,274,0.0012011064206590304,301.23731030292197
206,2020-07-27,254,0.001113434419151072,310.96602909328436
207,2020-07-28,168,0.0007364448126668507,321.4733338207657
208,2020-07-29,202,0.0008854872152303801,332.79357331939894
209,2020-07-30,288,0.0012624768217146013,344.9602884590993
210,2020-07-31,382,0.001674535228802006,358.0056353986852
211,2020-08-01,379,0.0016613844285758121,371.95975839195734
212,2020-08-02,295,0.0012931620222423868,386.8501219799808
213,2020-08-03,238,0.0010432968179447052,402.700815090671
214,2020-08-04,159,0.0006969924119882695,419.53184217764664
215,2020-08-05,190,0.000832884014325605,437.3584189623805
216,2020-08-06,384,0.0016833024289528017,456.1902924914233
217,2020-08-07,401,0.0017578236302345665,476.0311069790916
218,2020-08-08,552,0.0024197472416196525,496.8778381768024
219,2020-08-09,347,0.0015211092261630786,518.7203197060139
220,2020-08-10,463,0.0020296068349092374,541.5408848424141
221,2020-08-11,259,0.0011353524195280617,565.3141465965967
222,2020-08-12,412,0.0018060432310639436,590.0069375795939
223,2020-08-13,476,0.0020865936358894104,615.5784290785829
224,2020-08-14,522,0.0022882392393577147,641.980446038862
225,2020-08-15,574,0.0025161864432784067,669.1579913244361
226,2020-08-16,629,0.0027572844474252926,697.0499888131584
227,2020-08-17,477,0.0020909772359648084,725.590250701616
228,2020-08-18,320,0.0014027520241273348,754.708669999462
229,2020-08-19,401,0.0017578236302345665,784.3326347464098
230,2020-08-20,642,0.0028142712484054656,814.3886561574925
231,2020-08-21,840,0.003682224063334254,844.8041988601374
232,2020-08-22,947,0.0041512692714018315,875.5096977844013
233,2020-08-23,1071,0.004694835680751174,906.4407432379512
234,2020-08-24,1209,0.005299772491156087,937.5404133426154
235,2020-08-25,953,0.004177570871854219,968.7617313951265
236,2020-08-26,876,0.003840033666048579,1000.0702248643989
237,2020-08-27,1366,0.00598799770299356,1031.4465626296428
238,2020-08-28,1409,0.006176492506235671,1062.8892476306498
239,2020-08-29,1460,0.0064000561100809655,1094.41734323331
240,2020-08-30,1444,0.006329918508874598,1126.0732131610198
241,2020-08-31,1365,0.005983614102918163,1157.9252566259643
242,2020-09-01,996,0.004366065675096329,1190.0706221110854
243,2020-09-02,975,0.0042740100735129734,1222.6378848901566
244,2020-09-03,1326,0.005812653699977644,1255.7896746162828
245,2020-09-04,1397,0.006123889305330896,1289.7252399570357
246,2020-09-05,1732,0.007592395330589199,1324.6829371298854
247,2020-09-06,1693,0.007421434927648681,1360.9426281518886
248,2020-09-07,1297,0.005685529297791104,1398.8279725639723
249,2020-09-08,1150,0.005041140086707609,1438.7085932753191
250,2020-09-09,1369,0.0060011485032197545,1481.0020930066717
251,2020-09-10,1430,0.006268548107819028,1526.1758926613838
252,2020-09-11,1597,0.00700060932041048,1574.7488569481116
253,2020-09-12,1616,0.007083897721843041,1627.2926659045697
254,2020-09-13,1501,0.0065797837131722796,1684.4328838662288
255,2020-09-14,1456,0.006382521709779374,1746.8496701717163
256,2020-09-15,1008,0.004418668876001105,1815.2780688207076
257,2020-09-16,1229,0.005387444492664045,1890.5078077513406
258,2020-09-17,1452,0.006364987309477782,1973.3825327517352
259,2020-09-18,1583,0.006939238919354909,2064.798396639958
260,2020-09-19,1907,0.008359525343783836,2165.701921610067
261,2020-09-20,1637,0.007175953323426397,2277.0870519037376
262,2020-09-21,1587,0.006956773319656501,2399.991315554933
263,2020-09-22,1350,0.005917860101787194,2535.4910181577675
264,2020-09-23,1391,0.006097587704878509,2684.695398663926
265,2020-09-24,1640,0.007189104123652591,2848.739687304107
266,2020-09-25,1786,0.007829109734660687,3028.777018956073
267,2020-09-26,1912,0.008381443344160825,3225.969171677596
268,2020-09-27,1869,0.008192948540918715,3441.476119625186
269,2020-09-28,1766,0.007741437733152729,3676.4444120311073
270,2020-09-29,1494,0.006549098512644494,3931.9944150515885
271,2020-09-30,1647,0.007219789324180376,4209.206480760588
272,2020-10-01,1850,0.008109660139486155,4509.106136869457
273,2020-10-02,2548,0.011169412992113903,4832.648421319549
274,2020-10-03,2499,0.010954616588419406,5180.701517036269
275,2020-10-04,2843,0.01246257501435629,5554.029873070829
276,2020-10-05,2578,0.011300920994375841,5953.277028234777
277,2020-10-06,2257,0.009893785370173108,6378.948381238363
278,2020-10-07,2677,0.011734897401840236,6831.39417633121
279,2020-10-08,3677,0.016118497477238158,7310.792994563229
280,2020-10-09,4458,0.019542089136123934,7817.136057116627
281,2020-10-10,5372,0.023548699605037634,8350.212657853952
282,2020-10-11,5724,0.0250917268315777,8909.59704653493
283,2020-10-12,5456,0.023916922011371057,9494.637081469033
284,2020-10-13,4619,0.020247848748263,10104.444960259552
285,2020-10-14,5898,0.02585447324469694,10737.890319531349
286,2020-10-15,7332,0.03214055575281756,11393.595969116155
287,2020-10-16,8803,0.0385888314637279,12069.936493337613
288,2020-10-17,10009,0.043875453154657795,12765.039912274488
289,2020-10-18,10925,0.04789083082372229,13476.792549905389
290,2020-10-19,11705,0.05131003888253267,14202.847204789086
291,2020-10-20,9337,0.04092967390399039,14940.634663536097
292,2020-10-21,10871,0.047654116419650804,15687.378539055433
293,2020-10-22,15199,0.06662633754597301,16440.11335579286
294,2020-10-23,16078,0.07047952201224778,17195.705744343988
295,2020-10-24,19143,0.08391525624334241,17950.878549354413
296,2020-10-25,19640,0.08609390548081518,18702.237598884163
297,2020-10-26,21273,0.09325232440393998,19446.300831686483
298,2020-10-27,17007,0.07455188648229245,20179.52943225763
299,2020-10-28,21989,0.09639098205792489,20898.360583008947
300,2020-10-29,24988,0.10953739868404326,21599.24140924829
301,2020-10-30,26829,0.11760760642285083,22278.66366638665
302,2020-10-31,31079,0.136237906743292,22933.19870025319
303,2020-11-01,31756,0.1392056039943364,23559.53220076518
304,2020-11-02,29905,0.13109156025477484,24154.498266447838
305,2020-11-03,22253,0.09754825247782994,24715.112302279915
306,2020-11-04,28241,0.12379724972931269,25238.60228579512
307,2020-11-05,30548,0.1339102151032557,25722.43795595582
308,2020-11-06,34502,0.15124296980137908,26164.35750564471
309,2020-11-07,37802,0.16570885005019223,26562.391391272835
310,2020-11-08,39809,0.17450673540151584,26914.882911540935
311,2020-11-09,32614,0.1429667328590278,27220.505251372564
312,2020-11-10,25269,0.11076919030523007,27478.274735994797
313,2020-11-11,35090,0.15382052664571305,27687.560093588017
314,2020-11-12,32961,0.1444878420851909,27848.087582315133
315,2020-11-13,37977,0.16647598006338685,27959.941898260873
316,2020-11-14,40902,0.17929801028392578,28023.56284414815
317,2020-11-15,37249,0.16328471920849716,28039.73780381861
318,2020-11-16,33977,0.14894157976179517,28009.590133395635
319,2020-11-17,27352,0.11990022926228394,27934.56364567701
320,2020-11-18,32191,0.14111247002713448,27816.40342837674
321,2020-11-19,34280,0.15026981058464073,27657.133297976103
322,2020-11-20,36176,0.1585811163275952,27459.030247694296
323,2020-11-21,37239,0.1632408832077432,27224.596298942255
324,2020-11-22,34764,0.15239147302113334,26956.528209097443
325,2020-11-23,28337,0.1242180753365509,26657.685523126594
326,2020-11-24,22927,0.10050279892864813,26331.057481244243
327,2020-11-25,23227,0.10181787895126752,25979.729308407397
328,2020-11-26,25852,0.11332482914918707,25606.848413292475
329,2020-11-27,29001,0.12712878578661513,25215.591014115413
330,2020-11-28,28342,0.12423999333692788,24809.129686282347
331,2020-11-29,26315,0.1153544359840963,24390.602292868964
332,2020-11-30,20646,0.09050380715666548,23963.082714237913
333,2020-12-01,16376,0.07178583483471636,23529.55373905782
334,2020-12-02,19347,0.08480951065872358,23092.882417319288
335,2020-12-03,20709,0.09077997396141556,22655.798108717125
336,2020-12-04,23219,0.10178281015066433,22220.873389304044
337,2020-12-05,24110,0.10568859781784389,21790.507908092084
338,2020-12-06,21052,0.09228354878727704,21366.91521580728
339,2020-12-07,18887,0.08279305462404055,20952.11252274444
340,2020-12-08,13679,0.059963265431368165,20547.913283890604
341,2020-12-09,14837,0.06503947431867896,20155.922459160032
342,2020-12-10,12755,0.055912818961700486,19777.53425628424
343,2020-12-11,16998,0.07451243408161387,19413.932134720933
344,2020-12-12,18726,0.08208729501190147,19066.090831439746
345,2020-12-13,19902,0.08724240870056943,18734.780163586325
346,2020-12-14,17937,0.07862863455241251,18420.570368222343
347,2020-12-15,12025,0.052712790906660006,18123.8387544326
348,2020-12-16,14839,0.06504824151882975,17844.7774664399
349,2020-12-17,17568,0.07701108612459068,17583.402185918712
350,2020-12-18,18233,0.0799261801747303,17339.56163510382
351,2020-12-19,15401,0.06751182476120339,17112.94777703341
352,2020-12-20,16305,0.07147459922936311,16903.106642811
353,2020-12-21,15102,0.0662011283386594,16709.449745699145
354,2020-12-22,10869,0.047645349219500005,16531.266066021308
355,2020-12-23,13316,0.05837201860399872,16367.734607489665
356,2020-12-24,13908,0.060967109848634286,16217.937533445034
357,2020-12-25,18039,0.0790757617601031,16080.87388992342
358,2020-12-26,19037,0.08345059463535023,15955.473911417803
359,2020-12-27,10429,0.04571656518632492,15840.61388529078
360,2020-12-28,8913,0.03907102747202167,15735.13152323445
361,2020-12-29,8581,0.037615672246989564,15637.84175473457
362,2020-12-30,11210,0.0491401568452107,15547.552820386092
363,2020-12-31,16202,0.07102308842159712,15463.082504650441
364,2021-01-01,23477,0.102913778970117,15383.274310923083
365,2021-01-02,22210,0.09735975767458784,15307.013349272815
366,2021-01-03,11825,0.05183607089158042,15233.241681428353
367,2021-01-04,14245,0.06244438307404339,15160.972850701068
368,2021-01-05,10798,0.04733411361414675,15089.30531825267
369,2021-01-06,15375,0.06739785115924304,15017.434532567924
370,2021-01-07,20326,0.08910105513253815,14944.663376639837
371,2021-01-08,18416,0.08072837898852812,14870.410766982892
372,2021-01-09,17529,0.07684012572165017,14794.218219229717
373,2021-01-10,19976,0.08756679510614887,14715.754245159815
374,2021-01-11,18625,0.08164455140428628,14634.816503414937
375,2021-01-12,12530,0.054926508944735955,14551.331688290662
376,2021-01-13,14242,0.062431232273817194,14465.353204976898
377,2021-01-14,15773,0.06914252398925141,14377.056742437839
378,2021-01-15,17243,0.07558641610008636,14286.73391379743
379,2021-01-16,16144,0.07076883961722404,14194.784185859487
380,2021-01-17,16310,0.0714965172297401,14101.705361829787
381,2021-01-18,12544,0.054987879345791524,14008.082912501259
382,2021-01-19,8825,0.038685270665386656,13914.578469787215
383,2021-01-20,10496,0.046010266391376585,13821.917801874935
384,2021-01-21,13568,0.059476685822999,13730.878581447647
385,2021-01-22,14055,0.061611499059717786,13642.27823808841
386,2021-01-23,13633,0.05976161982789986,13556.962154465176
387,2021-01-24,13331,0.05843777260512969,13475.792425081527
388,2021-01-25,11628,0.05097250167672703,13399.637348574388
389,2021-01-26,8559,0.03751923304533081,13329.361772366541
390,2021-01-27,10584,0.0463960231980116,13265.818354712463
391,2021-01-28,15191,0.06659126874536982,13209.839756594538
392,2021-01-29,14360,0.06294849708271415,13162.231727176772
393,2021-01-30,13563,0.059454767822622004,13123.767003977113
394,2021-01-31,12713,0.05572870775853377,13095.179914556995
395,2021-02-01,11249,0.049311117248151216,13077.16154184782
396,2021-02-02,7925,0.034740030597528525,13070.35530118854
397,2021-02-03,9651,0.04230612432766534,13075.352774107818
398,2021-02-04,13182,0.0577846161938954,13092.689651632729
399,2021-02-05,13656,0.05986244262963401,13122.84165767281
400,2021-02-06,14213,0.062304107871630654,13166.220349539013
401,2021-02-07,13439,0.05891120141327266,13223.16872621425
402,2021-02-08,11640,0.0510251048776318,13293.956613572997
403,2021-02-09,7969,0.03493290900084604,13378.775837115176
404,2021-02-10,10612,0.04651876400012274,13477.73523460365
405,2021-02-11,12947,0.05675447017617689,13590.855600971596
406,2021-02-12,15137,0.06635455434129833,13718.06469383368
407,2021-02-13,13893,0.06090135584750332,13859.192457982454
408,2021-02-14,13523,0.05927942381960609,14013.96664980326
409,2021-02-15,11060,0.04848261683390101,14182.009056434597
410,2021-02-16,7344,0.03219315895372234,14362.832509029808
411,2021-02-17,10368,0.045449165581725647,14555.838884414447
412,2021-02-18,12066,0.05289251850975132,14760.318275036858
413,2021-02-19,13755,0.060296419037098405,14975.449484084107
414,2021-02-20,15470,0.06781429316640585,15200.301972092773
415,2021-02-21,14914,0.0653770115244846,15433.83934477097
416,2021-02-22,13450,0.058959421014102044,15674.924430761683
417,2021-02-23,9617,0.04215708192510181,15922.325954572801
418,2021-02-24,13299,0.058297497402716954,16174.726765785796
419,2021-02-25,16402,0.0718998084366767,16430.73354280012
420,2021-02-26,19871,0.0871065170982321,16688.88784950236
421,2021-02-27,20488,0.08981119834475261,16947.67838787636
422,2021-02-28,18902,0.0828588086251715,17205.554259910954
423,2021-03-01,17440,0.07644998531493975,17460.939029095083
424,2021-03-02,13106,0.05745146258816516,17712.245355829604
425,2021-03-03,17063,0.07479736808651473,17957.88997236885
426,2021-03-04,20840,0.09135422557129268,18196.308761214514
427,2021-03-05,22845,0.10014334372246551,18425.971705677228
428,2021-03-06,24010,0.10525023781030408,18645.397491785265
429,2021-03-07,23633,0.10359762058187907,18853.167555839947
430,2021-03-08,20724,0.09084572796254652,19047.939390548952
431,2021-03-09,13882,0.06085313624667394,19228.45894362092
432,2021-03-10,19725,0.086466511487224,19393.571964815554
433,2021-03-11,22275,0.0976446916794887,19542.234179653402
434,2021-03-12,25649,0.11243495833388129,19673.520189405426
435,2021-03-13,26790,0.11743664601991032,19786.631016923126
436,2021-03-14,26031,0.1141094935626833,19880.900235895777
437,2021-03-15,21304,0.09338821600627732,19955.798637052787
438,2021-03-16,15252,0.06685866834996909,20010.937398729737
439,2021-03-17,20376,0.08932023513630805,20046.069741379182
440,2021-03-18,23040,0.1009981457371681,20061.091056504374
441,2021-03-19,24901,0.10915602547748364,20056.037510729537
442,2021-03-20,25707,0.11268920713825437,20031.083135965153
443,2021-03-21,23913,0.10482502860299049,19986.535427551073
444,2021-03-22,20045,0.08786926351135134,19922.829484469523
445,2021-03-23,24501,0.10740258544732446,19840.520739690393
446,2021-03-24,18739,0.08214428181288165,19740.276344739978
447,2021-03-25,21246,0.09313396720190424,19622.865290749898
448,2021-03-26,23783,0.10425516059318876,19489.147368382208
449,2021-03-27,23974,0.10509242820758977,19340.06109073005
450,2021-03-28,23771,0.10420255739228398,19176.61072591757
451,2021-03-29,19604,0.08593609587810085,18999.852608821402
452,2021-03-30,12900,0.05654844097263319,18810.880923106055
453,2021-03-31,16051,0.07036116481021204,18610.81316450457
454,2021-04-01,22499,0.09862661809637784,18400.775512851567
455,2021-04-02,23639,0.10362392218233146,18181.88835269533
456,2021-04-03,21917,0.09607536285249624,17955.25218939852
457,2021-04-04,21247,0.09313835080197963,17721.934208679297
458,2021-04-05,18017,0.07897932255844435,17482.955721977043
459,2021-04-06,10680,0.0468168488052498,17239.28072755633
460,2021-04-07,7763,0.03402988738531406,16991.805797899437
461,2021-04-08,13686,0.05999395063189595,16741.351478006975
462,2021-04-09,17209,0.07543737369752283,16488.655347355252
463,2021-04-10,18924,0.08295524782683027,16234.366861354434
464,2021-04-11,17551,0.07693656492330891,15979.044047355743
465,2021-04-12,15737,0.06898471438653708,15723.152086891583
466,2021-04-13,9780,0.04287160873739167,15467.06377133974
467,2021-04-14,13439,0.05891120141327266,15211.06177406928
468,2021-04-15,16160,0.07083897721843041,14955.342639816748
469,2021-04-16,16963,0.07435900807897494,14700.022352931874
470,2021-04-17,15923,0.0698000640005611,14445.143311449516
471,2021-04-18,15364,0.06734963155841367,14190.682504715005
472,2021-04-19,12688,0.05561911775664882,13936.560669305645
473,2021-04-20,8863,0.03885184746825178,13682.652181781199
474,2021-04-21,12069,0.05290566930997751,13428.795437624562
475,2021-04-22,13836,0.06065149064320564,13174.803463595195
476,2021-04-23,16046,0.07033924680983504,12920.474515364507
477,2021-04-24,14758,0.06469316991272252,12665.602423261254
478,2021-04-25,13814,0.06055505144154689,12409.986465572483
479,2021-04-26,13157,0.05767502619201045,12153.440570320832
480,2021-04-27,8440,0.03699758463635846,11895.801671872407
481,2021-04-28,10398,0.04558067358398758,11636.937077162956
482,2021-04-29,13382,0.058661336208974985,11376.750726788096
483,2021-04-30,14314,0.06274685147924584,11115.18826773162
484,2021-05-01,13445,0.05893750301372505,10852.240886199319
485,2021-05-02,12964,0.05682899137745865,10587.947880055817
486,2021-05-03,9145,0.04008802268951399,10322.3979799932
487,2021-05-04,5946,0.02606488604831604,10055.729456162848
488,2021-05-05,9113,0.039947747487101254,9788.129072056994
489,2021-05-06,10579,0.04637410519763461,9519.829969527338
490,2021-05-07,11798,0.05171771368954468,9251.108587676683
491,2021-05-08,10549,0.04624259719537267,8982.280733760888
492,2021-05-09,10174,0.044598747167098454,8713.696936091965
493,2021-05-10,8289,0.03633566102497337,8445.737217224585
494,2021-05-11,5077,0.022255537582795245,8178.805430499063
495,2021-05-12,6943,0.03043533532348777,7913.323304433208
496,2021-05-13,7848,0.03440249339172289,7649.7243376903625
497,2021-05-14,8082,0.035428255809366,7388.447682639074
498,2021-05-15,7562,0.03314878377015908,7129.932148141232
499,2021-05-16,6652,0.029159707701546973,6874.610442475252
500,2021-05-17,5748,0.02519693323338725,6622.903765562611
501,2021-05-18,3454,0.01514095466042442,6375.216846284231
502,2021-05-19,4449,0.01950263673544535,6131.93350602604
503,2021-05-20,5500,0.024109800414688565,5893.412814065188
504,2021-05-21,5736,0.025144330032482478,5659.98588438259
505,2021-05-22,5215,0.02286047439320016,5431.953347337285
506,2021-05-23,4714,0.0206642907554258,5209.583513719117
507,2021-05-24,3993,0.0175037151010639,4993.111233339433
508,2021-05-25,2489,0.010910780587665427,4782.737435823341
509,2021-05-26,3220,0.014115192242781306,4578.629327891821
510,2021-05-27,3935,0.01724946629669082,4380.921209385058
511,2021-05-28,4143,0.018161255112373587,4189.715859749998
512,2021-05-29,3737,0.016381513481762033,4005.086437817923
513,2021-05-30,3348,0.01467629305243224,3827.078830504742
514,2021-05-31,2948,0.012922853022273072,3655.7143806045287
515,2021-06-01,1818,0.00796938493707342,3490.9929200970732
516,2021-06-02,2483,0.010884478987213038,3332.8960332954243
517,2021-06-03,2896,0.01269490581835238,3181.390473626112
518,2021-06-04,1963,0.00860500694800612,3036.4316587420603
519,2021-06-05,2556,0.011204481792717087,2897.967170871829
520,2021-06-06,2434,0.01066968258351854,2765.9401926494666
521,2021-06-07,2275,0.00997269017153027,2640.292812978134
522,2021-06-08,1270,0.00556717209575536,2520.969142585972
523,2021-06-09,1894,0.008302538542803663,2407.918184665444
524,2021-06-10,2198,0.009635152965724631,2301.0964121860156
525,2021-06-11,2078,0.00910912095667688,2200.4700099854626
526,2021-06-12,1892,0.008293771342652866,2106.016746443647
527,2021-06-13,1722,0.007548559329835221,2017.7274463092526
528,2021-06-14,1390,0.00609320410480311,1935.6070429904337
529,2021-06-15,907,0.003975925268385915,1859.6751952617747
530,2021-06-16,1253,0.005492650894473595,1789.9664598315956
531,2021-06-17,1400,0.00613704010555709,1726.530017525762
532,2021-06-18,1323,0.00579950289975145,1669.4289569661973
533,2021-06-19,1147,0.005027989286481416,1618.7391255602013
534,2021-06-20,1193,0.00522963488994972,1574.547563388348
535,2021-06-21,881,0.0038619516664255686,1536.9505412098893
536,2021-06-22,484,0.002121662436492594,1506.0512293219526
537,2021-06-23,834,0.0036559224628818663,1481.9570294343964
538,2021-06-24,1140,0.004997304085953631,1464.7766070664318
539,2021-06-25,266,0.0011660376200558471,1454.6166672258628
540,2021-06-26,751,0.003292083656623839,1451.578521265274
541,2021-06-27,838,0.003673456863183458,1455.754497760615
542,2021-06-28,780,0.0034192080588103784,1467.224254933744
543,2021-06-29,387,0.0016964532291789956,1486.051056416019
544,2021-06-30,677,0.0029676972510443928,1512.2780758684435
545,2021-07-01,776,0.003401673658508787,1545.9247989520863
546,2021-07-02,879,0.0038531844662747726,1586.983593178177
547,2021-07-03,794,0.0034805784598659494,1635.416517049008
548,2021-07-04,929,0.004072364470044669,1691.1524394201535
549,2021-07-05,806,0.0035331816607707244,1754.0845379803889
550,2021-07-06,480,0.0021041280361910023,1824.0682419989264
551,2021-07-07,907,0.003975925268385915,1900.919678917828
552,2021-07-08,1010,0.004427436076151901,1984.4146769192091
553,2021-07-09,1391,0.006097587704878509,2074.288366292448
554,2021-07-10,1386,0.006075669704501519,2170.2354113674623
555,2021-07-11,1394,0.006110738505104702,2271.9108921523416
556,2021-07-12,1391,0.006097587704878509,2378.931840888468
557,2021-07-13,887,0.0038882532668779563,2490.879423864847
558,2021-07-14,1530,0.00670690811535882,2607.3017434363055
559,2021-07-15,2153,0.009437890962331724,2727.7172197433524
560,2021-07-16,2473,0.01084064298645906,2851.6184966465858
561,2021-07-17,2895,0.012690522218276983,2978.476802391748
562,2021-07-18,3118,0.013668065035090719,3107.746683029465
563,2021-07-19,3126,0.013703133835693902,3238.87101610896
564,2021-07-20,2070,0.009074052156073696,3371.2862040729096
565,2021-07-21,3555,0.01558369826803961,3504.4274414474658
566,2021-07-22,4254,0.018647834720742756,3637.733947596995
567,2021-07-23,5056,0.022163481981211892,3770.6540576371362
568,2021-07-24,5142,0.02254047158769611,3902.650068093801
569,2021-07-25,5138,0.02252293718739452,4033.202740960748
570,2021-07-26,4742,0.02078703155753694,4161.815379728529
571,2021-07-27,3115,0.013654914234864524,4288.017403408177
572,2021-07-28,4516,0.019796337940497014,4411.367359135776
573,2021-07-29,5693,0.024955835229240365,4531.455330123347
574,2021-07-30,6167,0.027033661664978982,4647.9047129671035
575,2021-07-31,6613,0.028988747298606454,4760.373356052436
576,2021-08-01,6509,0.02853285289076507,4868.554068413711
577,2021-08-02,5320,0.023320752401116942,4972.174525337682
578,2021-08-03,3185,0.013961766240142379,5070.996612699145
579,2021-08-04,4841,0.021221007965001336,5164.815265998267
580,2021-08-05,6590,0.028887924496872303,5253.456871913687
581,2021-08-06,7224,0.031667126944674585,5336.777309560581
582,2021-08-07,6599,0.028927376897550882,5414.659715307517
583,2021-08-08,6897,0.030233689720019462,5487.012058817339
584,2021-08-09,5733,0.025131179232256284,5553.76461889194
585,2021-08-10,4200,0.01841112031667127,5614.867445773045
586,2021-08-11,5624,0.02465336682403791,5670.287891928053
587,2021-08-12,6921,0.030338896121829013,5720.008286263792
588,2021-08-13,7267,0.031855621747916694,5764.023817469602
589,2021-08-14,7398,0.03242987335779382,5802.3406811650875
590,2021-08-15,7181,0.031478632141432476,5834.974533138652
591,2021-08-16,5661,0.02481556002682763,5861.949277666574
592,2021-08-17,3669,0.016083428676634974,5883.296206175664
593,2021-08-18,5268,0.02309280519719625,5899.053487835169
594,2021-08-19,7159,0.03138219293977372,5909.266000504325
595,2021-08-20,7240,0.03173726454588095,5913.985478260606
596,2021-08-21,7220,0.03164959254437299,5913.27094088829
597,2021-08-22,7466,0.03272795816292088,5907.189361558586
598,2021-08-23,5922,0.02595967964650649,5895.816521754902
599,2021-08-24,4166,0.01826207791410774,5879.237997485353
600,2021-08-25,6078,0.026643521258268566,5857.550218091915
601,2021-08-26,7539,0.03304796096842493,5830.861538535592
602,2021-08-27,7215,0.031627674543996,5799.2932678472835
603,2021-08-28,7823,0.03429290338983794,5762.980600337814
604,2021-08-29,6858,0.030062729317078943,5722.073401934645
605,2021-08-30,5954,0.026099954848919225,5676.736811367734
606,2021-08-31,4253,0.01864345112066736,5627.151624519789
607,2021-09-01,5492,0.024074731614085385,5573.514439706507
608,2021-09-02,6496,0.028475866089784897,5516.037551558316
609,2021-09-03,6754,0.02960683490923756,5454.948591131348
610,2021-09-04,6729,0.029497244907352612,5390.489919489251
611,2021-09-05,6156,0.026985442064149604,5322.917790906417
612,2021-09-06,5314,0.023294450800664553,5252.501309726714
613,2021-09-07,3347,0.014671909452356843,5179.521211505348
614,2021-09-08,4715,0.0206686743555012,5104.268504162468
615,2021-09-09,5921,0.02595529604643109,5027.043008352734
616,2021-09-10,5518,0.02418870521604573,4948.151838042194
617,2021-09-11,5617,0.024622681623510122,4867.907862389113
618,2021-09-12,5191,0.02275526799139061,4786.628188521336
619,2021-09-13,4664,0.020445110751655907,4704.632701820297
620,2021-09-14,2792,0.012239011410510996,4622.242696043486
621,2021-09-15,4009,0.017573852702270267,4539.77962026638
622,2021-09-16,4826,0.021155253963870368,4457.563963456345
623,2021-09-17,5115,0.022422114385660368,4375.914290779569
624,2021-09-18,4544,0.019919078742608155,4295.146438772593
625,2021-09-19,4576,0.020059353945020886,4215.572869566831
626,2021-09-20,3836,0.016815489889226425,4137.502177712122
627,2021-09-21,2405,0.010542558181332,4061.2387370601327
628,2021-09-22,3374,0.014790266654392587,3987.082469869568
629,2021-09-23,3963,0.017372207098801964,3915.3287159787264
630,2021-09-24,4053,0.017766731105587776,3846.2681767131394
631,2021-09-25,3790,0.01661384428575812,3780.186906267791
632,2021-09-26,3519,0.015425888665325285,3717.3663226866206
633,2021-09-27,3099,0.013584776633658159,3658.0832112660482
634,2021-09-28,1773,0.007772122933680514,3602.609695189899
635,2021-09-29,2962,0.012984223423328643,3551.2131513621484
636,2021-09-30,3212,0.014080123442178124,3504.1560535919903
637,2021-10-01,4094,0.01794645870867909,3461.6957303060267
638,2021-10-02,3403,0.014917391056579125,3424.084029577821
639,2021-10-03,3309,0.014505332649491722,3391.566890207524
640,2021-10-04,2967,0.013006141423705632,3364.383823565513
641,2021-10-05,1612,0.007066363321541449,3342.7673166400086
642,2021-10-06,2463,0.01079680698570508,3326.942171913414
643,2021-10-07,3232,0.014167795443686081,3317.1248040742817
644,2021-10-08,2933,0.012857099021142104,3313.5225169290825
645,2021-10-09,3017,0.013225321427475529,3316.332786042177
646,2021-10-10,2747,0.01204174940711809,3325.742573501037
647,2021-10-11,2278,0.009985840971756465,3341.927700749134
648,2021-10-12,1516,0.0066455377143032485,3365.0523037034013
649,2021-10-13,2486,0.010897629787439233,3395.2683915088815
650,2021-10-14,2769,0.012138188608776844,3432.715526488653
651,2021-10-15,2666,0.011686677801010858,3477.520638396856
652,2021-10-16,2729,0.011962844605760928,3529.797981304195
653,2021-10-17,2982,0.013071895424836602,3589.649236701391
654,2021-10-18,2435,0.010674066183593938,3657.163762074292
655,2021-10-19,1594,0.0069874585201842865,3732.418980656151
656,2021-10-20,2695,0.011813802203197398,3815.4809056408176
657,2021-10-21,3699,0.01621493667889691,3906.4047911402267
658,2021-10-22,3791,0.01661822788583352,4005.2359028201913
659,2021-10-23,3879,0.017003984692468537,4112.010403600507
660,2021-10-24,3905,0.017117958294428883,4226.756354122211
661,2021-10-25,3723,0.01632014308070646,4349.494833839318
662,2021-10-26,2535,0.01111242619113373,4480.241196467865
663,2021-10-27,4053,0.017766731105587776,4619.006482923683
664,2021-10-28,4595,0.020142642346453448,4765.799025530849
665,2021-10-29,4863,0.021317447166660092,4920.626288856359
666,2021-10-30,5332,0.023373355602021716,5083.497004648487
667,2021-10-31,4877,0.02137881756771566,5254.423670621776
668,2021-11-01,4525,0.019835790341175594,5433.425494816653
669,2021-11-02,2818,0.012352985012471342,5620.531878533375
670,2021-11-03,2831,0.012409971813451515,5815.786540960907
671,2021-11-04,5188,0.022742117191164417,6019.252397151465
672,2021-11-05,5902,0.025872007644998533,6231.017307484614
673,2021-11-06,6761,0.029637520109765347,6451.200820762066
674,2021-11-07,6760,0.029633136509689947,6679.962034094923
675,2021-11-08,5822,0.025521319638966696,6917.508690277225
676,2021-11-09,4547,0.01993222954283435,7164.107626830692
677,2021-11-10,6111,0.026788180060756697,7420.096679759186
678,2021-11-11,8033,0.0352134594056715,7685.8981286266435
679,2021-11-12,8697,0.038124169855735725,7962.0337471947005
680,2021-11-13,8522,0.03735703984254109,8249.141494835789
681,2021-11-14,8539,0.03743156104382285,8547.993847600528
682,2021-11-15,7565,0.03316193457038528,8859.517723549925
683,2021-11-16,5199,0.02279033679199379,9184.815904263054
684,2021-11-17,7815,0.03425783458923475,9525.189792979569
685,2021-11-18,10167,0.04456806196657066,9882.16327957081
686,2021-11-19,10645,0.04666342280261087,10257.50740372762
687,2021-11-20,10554,0.04626451519574966,10653.265421102435
688,2021-11-21,11540,0.05058674487009201,11071.777783843652
689,2021-11-22,9707,0.04255160593188762,11515.706448778568
690,2021-11-23,6403,0.02806819128277289,11988.05782582845
691,2021-11-24,10044,0.044028879157296724,12492.203579124187
692,2021-11-25,12450,0.05457582093870412,13031.898397438845
693,2021-11-26,13756,0.06030080263717381,13611.29376329308
694,2021-11-27,13681,0.059972032631518964,14234.946676295951
695,2021-11-28,12869,0.05641254937029585,14907.822231255337
696,2021-11-29,12927,0.05666679817466893,15635.288920883131
697,2021-11-30,7972,0.03494605980107223,16423.105532120215
698,2021-12-01,12757,0.055921586161851285,17277.39853958532
699,2021-12-02,15073,0.06607400393647286,18204.628974261443
700,2021-12-03,16810,0.07368831726743906,19211.547864288837
701,2021-12-04,17015,0.07458695528289563,20305.139510480993
702,2021-12-05,16627,0.07288611845364124,21492.55207327199
703,2021-12-06,15010,0.0657978371317228,22781.015209800207
704,2021-12-07,9494,0.04161789911582787,24177.74480725082
705,2021-12-08,15742,0.06900663238691408,25689.835206705902
706,2021-12-09,17946,0.07866808695309109,27324.13969355665
707,2021-12-10,12516,0.054865138543680386,29087.14043667868
708,2021-12-11,20490,0.0898199655449034,30984.80947755324
709,2021-12-12,21035,0.09220902758599528,33022.46278892079
710,2021-12-13,19212,0.08421772464854486,35204.60982545696
711,2021-12-14,12704,0.05568925535785519,37534.80136044506
712,2021-12-15,20665,0.09058709555809805,40015.47872620164
713,2021-12-16,23190,0.10165568574847779,42647.827836139375
714,2021-12-17,26104,0.11442949636818733,45431.64154797778
715,2021-12-18,28615,0.1254367161575115,48365.19401774685
716,2021-12-19,28057,0.12299066731543948,51445.13068250071
717,2021-12-20,24303,0.10653463263239568,54666.37738896225
718,2021-12-21,16205,0.07103623922182331,58022.07195238636
719,2021-12-22,30783,0.1349403611209742,61503.521085699285
720,2021-12-23,36326,0.15923865633890488,65100.18518882148
721,2021-12-24,44585,0.19544280936161632,68799.6929417928
722,2021-12-25,50590,0.22176632781438083,72587.88701688047
723,2021-12-26,54787,0.24016429733082592,76448.90153197308
724,2021-12-27,24882,0.10907273707605107,80365.27113106925
725,2021-12-28,30799,0.13501049872218057,84318.07082062478
726,2021-12-29,78300,0.3432358859036572,88287.08493731235
727,2021-12-30,98016,0.42966294499020263,92251.00289800826
728,2021-12-31,127000,0.556717209575536,96187.63871038766
729,2022-01-01,144255,0.6323562288765271,100074.1706243655
730,2022-01-02,141352,0.6196306378576469,103887.39679996237
731,2022-01-03,61041,0.2675793322023645,107604.002471602
732,2022-01-04,68034,0.2982338475296222,111200.83381374816
733,2022-01-05,170837,0.7488810860807547,114655.1735649461
734,2022-01-06,189088,0.8288861710568421,117945.01344875427
735,2022-01-07,219430,0.9618933645445659,121049.31853805653
736,2022-01-08,108297,0.4747307373653687,123948.27893676366
737,2022-01-09,197535,0.8659144408937284,126623.54448899488
738,2022-01-10,155642,0.6822722829350832,129058.43865631633
739,2022-01-11,117405,0.5146565668520929,131238.14821191784
740,2022-01-12,220519,0.9666671050266742,133149.88596856841
741,2022-01-13,196205,0.8600842527934491,134783.02436593792
742,2022-01-14,184577,0.8091117511167221,136129.19837364258
743,2022-01-15,200869,0.880529363545105,137182.37680126
744,2022-01-16,192936,0.8457542641469733,137938.90172912373
745,2022-01-17,157465,0.6902635858725337,138397.49636945574
746,2022-01-18,83387,0.36553525948720644,138559.2422240974
747,2022-01-19,228123,1.0,138427.52691293135
748,2022-01-20,200966,0.8809545727524186,138007.9644986653
749,2022-01-21,198865,0.8717446289940076,137308.29052387964
750,2022-01-22,185600,0.8135961739938542,136338.23430212174
751,2022-01-23,177335,0.7773657193706903,135109.3712651426
752,2022-01-24,142487,0.6246060239432236,133634.95836336934
753,2022-01-25,77666,0.34045668345585495,131929.7556477753
754,2022-01-26,215051,0.9426975798143984,130009.83723067226
755,2022-01-27,167166,0.7327888902039689,127892.39483340876
756,2022-01-28,156040,0.6840169557650917,125595.53708371852
757,2022-01-29,144347,0.6327595200834637,123138.0876279941
758,2022-01-30,137427,0.6024250075617101,120539.38497777468
759,2022-01-31,104110,0.4563766038496776,117819.08681918535
760,2022-02-01,57631,0.2526312559452576,114996.98128322128
761,2022-02-02,133306,0.5843601916509953,112092.80740830427
762,2022-02-03,119323,0.5230643117967062,109126.08672964471
763,2022-02-04,112956,0.4951539301166476,106115.96760839898
764,2022-02-05,100900,0.4423052476076503,103081.0835738746
765,2022-02-06,93192,0.4085164582264831,100039.42660120114
766,2022-02-07,78943,0.3460545407521381,97008.23589268174
767,2022-02-08,41602,0.18236653033670433,94003.90238166909
768,2022-02-09,102429,0.4490077721229337,91041.88884177501
769,2022-02-10,81669,0.35800423455767283,88136.66517007703
770,2022-02-11,76195,0.3340084077449446,85301.65812901802
771,2022-02-12,67478,0.2957965658877009,82549.21458561187
772,2022-02-13,62221,0.2727519802913341,79890.5770851251
773,2022-02-14,52345,0.2294595459467042,77335.87044507994
774,2022-02-15,28776,0.12614247576965057,74894.09795809457
775,2022-02-16,71023,0.3113364281549866,72573.14575076818
776,2022-02-17,59869,0.2624417529139981,70379.79386050714
777,2022-02-18,58055,0.2544899023772263,68319.73266071436
778,2022-02-19,53700,0.23539932404886837,66397.58338281406
779,2022-02-20,50675,0.22213893382078967,64616.92164480957
780,2022-02-21,42202,0.18499669038194308,62980.30309228402
781,2022-02-22,24484,0.1073280642460427,61489.29047924967
782,2022-02-23,60137,0.2636165577342048,60144.48175217486
783,2022-02-24,49162,0.21550654690671261,58945.538939372505
784,2022-02-25,47493,0.20819031838087348,57891.21787803962
785,2022-02-26,42069,0.18441367157191516,56979.399021314304
786,2022-02-27,39360,0.17253849896766218,56207.11974738575
787,2022-02-28,31878,0.13974040320353492,55570.60873298398
788,2022-03-01,18278,0.0801234421781232,55065.323047378944
789,2022-03-02,47136,0.20662537315395643,54685.988665419405
790,2022-03-03,37946,0.16634008846104953,54426.645086701334
791,2022-03-04,42588,0.18668876001104667,54280.694682822505
792,2022-03-05,38353,0.16812421369173647,54240.95727861729
793,2022-03-06,41364,0.18132323351875962,54299.73031151595
794,2022-03-07,35889,0.157323023105956,54448.854713218294
795,2022-03-08,22662,0.09934114490866769,54679.78642907227
796,2022-03-09,60753,0.2663168553806499,54983.673243691046
797,2022-03-10,49815,0.21836903775594746,55351.43632811062
798,2022-03-11,55156,0.24178184575864775,55773.855676210944
799,2022-03-12,53961,0.23654344366854724,56241.65836796763
800,2022-03-13,54669,0.23964703252192895,56745.60839535092
801,2022-03-14,50079,0.2195263081758525,57276.596622993595
802,2022-03-15,29698,0.13018415503916747,57825.72933802333
803,2022-03-16,86414,0.378804416915436,58384.413777502974
804,2022-03-17,74147,0.32503079479052965,58944.439011237635
805,2022-03-18,82368,0.361068371010376,59498.050603347445
806,2022-03-19,78577,0.3444501431245425,60038.01757661301
807,2022-03-20,75768,0.3321366105127497,60557.69035553997
808,2022-03-21,61564,0.2698719550417976,61051.048561675125
809,2022-03-22,33445,0.14660950452168348,61512.737770539396
810,2022-03-23,96904,0.4247883817063602,61938.094604890146
811,2022-03-24,78358,0.3434901347080303,62323.15982426349
812,2022-03-25,82648,0.3622957790314874,62664.67936579943
813,2022-03-26,76397,0.334893894960175,62960.0935861361
814,2022-03-27,74616,0.3270867032258913,63207.51523898342
815,2022-03-28,60612,0.26569876777001883,63405.696988919706
816,2022-03-29,31560,0.13834641837955838,63553.989501110584
817,2022-03-30,100296,0.4396575531621099,63652.291352408974
818,2022-03-31,71411,0.31303726498424095,63700.992176468535
819,2022-04-01,74364,0.325982036006891,63700.91058037376
820,2022-04-02,77040,0.33771254980865584,63653.22845066701
821,2022-04-03,71412,0.3130416485843164,63559.423301774616
822,2022-04-04,55009,0.24113745654756424,63421.2003103181
823,2022-04-05,31329,0.13733380676214146,63240.425626484874
824,2022-04-06,88914,0.38976341710393075,63019.06246146145
825,2022-04-07,69885,0.3063478912691837,62759.11132177259
826,2022-04-08,70123,0.30739118808712845,62462.55560187399
827,2022-04-09,67641,0.2965110926999908,62131.31356078882
828,2022-04-10,64421,0.28239590045720947,61767.197502722076
829,2022-04-11,53920,0.23636371606545592,61371.880761532615
830,2022-04-12,28705,0.12583124016429734,60946.87286100196
831,2022-04-13,84056,0.3684678879376477,60493.50299339794
832,2022-04-14,62586,0.2743519943188543,60012.9117342149
833,2022-04-15,65617,0.2876386861473854,59506.05069730169
834,2022-04-16,62290,0.2730544486965365,58973.68963763406
835,2022-04-17,64533,0.2828868636656541,58416.43033400979
836,2022-04-18,52253,0.2290562547397676,57834.72643553625
837,2022-04-19,18588,0.08148235820149656,57228.90833770867
838,2022-04-20,27326,0.1197862556603236,56599.212068942295
839,2022-04-21,100440,0.44028879157296724,55945.81111832041
840,2022-04-22,75995,0.333131687729865,55268.85012056501
841,2022-04-23,73744,0.3232642039601443,54568.47933408733
842,2022-04-24,71028,0.31135834615536356,53844.88890045105
843,2022-04-25,56848,0.24919889708622103,53098.34195549681
844,2022-04-26,25282,0.11082617710621025,52329.205769476495
845,2022-04-27,29984,0.13143786466073126,51537.98022064815
846,2022-04-28,88431,0.3876461382675136,50725.323048031154
847,2022-04-29,70034,0.307001047680418,49892.07147811946
848,2022-04-30,59395,0.2603639264782595,49039.259970886495
849,2022-05-01,54017,0.2367889252727695,48168.13397613537
850,2022-05-02,41591,0.18231831073587496,47280.159726382706
851,2022-05-03,19068,0.08358648623768757,46377.03021198304
852,2022-05-04,62409,0.2735760971055089,45460.667584054165
853,2022-05-05,47643,0.20884785839218317,44533.222308053984
854,2022-05-06,48715,0.21354707767300973,43597.06944394931
855,2022-05-07,44364,0.19447403374495337,42654.80245745859
856,2022-05-08,40783,0.17877636187495344,41709.22497175158
857,2022-05-09,31225,0.13687791235430008,40763.34085228788
858,2022-05-10,17421,0.07636669691350718,39820.34298217237
859,2022-05-11,56199,0.24635394063728777,38883.60103523893
860,2022-05-12,42683,0.1871052020182095,37956.64849325108
861,2022-05-13,39483,0.17307768177693614,37043.169086551374
862,2022-05-14,39029,0.17108752734270546,36146.98276854886
863,2022-05-15,36334,0.15927372513950808,35272.03126765006
864,2022-05-16,27726,0.12153969569048277,34422.36319912974
865,2022-05-17,13776,0.060388474638681765,33602.11866684123
866,2022-05-18,44901,0.19682802698544205,32815.51324263006
867,2022-05-19,30927,0.1355715995318315,32066.82118105545
868,2022-05-20,30722,0.13467296151637495,31360.35770894699
869,2022-05-21,26818,0.11755938682202145,30700.460223085116
870,2022-05-22,24246,0.106284767428098,30091.468233926018
871,2022-05-23,18289,0.08017166177895259,29537.701907351355
872,2022-05-24,10021,0.04392805635556257,29043.439078160933
873,2022-05-25,31860,0.13966149840217779,28612.890636572
874,2022-05-26,22999,0.1008184181340768,28250.174220518158
875,2022-05-27,22636,0.09922717130670734,27959.286180434443
876,2022-05-28,20051,0.08789556511180371,27744.071818177425
877,2022-05-29,18622,0.08163140060406009,27608.19393688101
878,2022-05-30,15136,0.06635017074122293,27555.09977346478
879,2022-05-31,7846,0.03439372619157209,27587.98642022643
880,2022-06-01,24687,0.10821793506134848,27709.76487690965
881,2022-06-02,18822,0.08250812061913967,27923.022910624477
882,2022-06-03,17718,0.07766862613590036,28229.98693900461
883,2022-06-04,9692,0.04248585193075665,28632.48319309447
884,2022-06-05,22809,0.09998553411975118,29131.898461669854
885,2022-06-06,15522,0.06804224037032654,29729.140768786194
886,2022-06-07,8616,0.03776909824962849,30424.600391710002
887,2022-06-08,28547,0.12513863135238446,31218.111686905915
888,2022-06-09,22925,0.10049403172849734,32108.916256685116
889,2022-06-10,23534,0.10316364417441468,33095.62805704244
890,2022-06-11,22012,0.09649180485965904,34176.201115969976
891,2022-06-12,22458,0.09844689049328652,35347.90059827586
892,2022-06-13,19310,0.08464731745593386,36607.27801416025
893,2022-06-14,10668,0.04676424560434502,37950.15142047349
894,2022-06-15,39844,0.17466016140415477,39371.591501303184
895,2022-06-16,32809,0.1438215348737304,40865.91443372977
896,2022-06-17,37068,0.16249128759485015,42426.682440741875
897,2022-06-18,36170,0.1585548147271428,44046.71290221934
898,2022-06-19,34971,0.1532988782367407,45718.09683297227
899,2022-06-20,34255,0.1501602205827558,47432.22744133289
900,2022-06-21,16905,0.07410475927460186,49179.83935111466
901,2022-06-22,63264,0.2773240751699741,50951.058903607765
902,2022-06-23,54873,0.24054128693731014,52735.46575592513
903,2022-06-24,57432,0.2517589195302534,54522.165760341806
904,2022-06-25,56410,0.24727888025319675,56299.874850871005
905,2022-06-26,56873,0.249308487088106,58057.01338442999
906,2022-06-27,49325,0.21622107371900245,59781.81009234022
907,2022-06-28,25019,0.10967329028638059,61462.4145026634
908,2022-06-29,84161,0.36892816594556443,63087.01640509919
909,2022-06-30,95455,0.4184365451971086,64643.9706586012
910,2022-07-01,84234,0.36924816875106853,66121.92539843524
911,2022-07-02,86900,0.3809348465520794,67509.9514947501
912,2022-07-03,85943,0.37673974127992355,68797.6709586939
913,2022-07-04,72917,0.31963896669779024,69975.38189322193
914,2022-07-05,36885,0.16168908878105231,71034.1775507588
915,2022-07-06,133015,0.5830845640290545,71966.05709336813
916,2022-07-07,110017,0.4822705294950531,72764.02575509861
917,2022-07-08,108386,0.4751208777720791,73422.18228004321
918,2022-07-09,101863,0.44652665448025847,73935.79174988055
919,2022-07-10,98901,0.4335424310569298,74301.34221501519
920,2022-07-11,81563,0.35753957294968064,74516.5838950723
921,2022-07-12,83761,0.3671747259154053,74580.55010637676
922,2022-07-13,144058,0.6314926596616738,74493.55949330375
923,2022-07-14,111591,0.48917031601372946,74257.19957294899
924,2022-07-15,108632,0.47619924339062697,73874.29203374083
925,2022-07-16,97936,0.4293122569841708,73348.840643771
926,2022-07-17,91384,0.40059090929016367,72685.9630098537
927,2022-07-18,68996,0.302450870802155,71891.80777108778
928,2022-07-19,32051,0.14049876601657876,70973.45910037057
929,2022-07-20,121103,0.5308671199309145,69938.83061565246
930,2022-07-21,86801,0.380500870144615,68796.55096419597
931,2022-07-22,81535,0.35741683214756953,67555.84343507084
932,2022-07-23,71667,0.3141594666035428,66226.40197785533
933,2022-07-24,69174,0.3032311516155758,64818.26596209594
934,2022-07-25,51875,0.22739925391126717,63341.69590808885
935,2022-07-26,24117,0.10571928301837166,61807.052262700294
936,2022-07-27,88651,0.38861053028410114,60224.6790935779
937,2022-07-28,64400,0.28230384485562615,58604.794341630135
938,2022-07-29,60826,0.26663685818615396,56957.38801595785
939,2022-07-30,54417,0.2385423653029287,55292.129448303174
940,2022-07-31,50297,0.22048193299228924,53618.28445568979
941,2022-08-01,37252,0.16329787000872337,51944.64299932806
942,2022-08-02,19520,0.08556787347176742,50279.45768263454
943,2022-08-03,65099,0.2853679813083293,48630.39320724814
944,2022-08-04,45956,0.20145272506498688,47004.48670725088
945,2022-08-05,42959,0.1883150756390193,45408.11871061398
946,2022-08-06,38215,0.16751927688133156,43846.9943336597
947,2022-08-07,34997,0.15341285183870104,42326.134198015716
948,2022-08-08,26656,0.11684924360980699,40849.8744678843
949,2022-08-09,11975,0.052493610902890106,39421.87533533139
950,2022-08-10,43078,0.18883672404799165,38045.13722910809
951,2022-08-11,31699,0.1389557387900387,36722.02398450858
952,2022-08-12,28423,0.12459506494303511,35454.29218444196
953,2022-08-13,26689,0.11699390241229513,34243.12586225046
954,2022-08-14,24785,0.10864752786873748,33089.17574260014
955,2022-08-15,19455,0.08528293946686656,31992.602186639077
956,2022-08-16,9893,0.043366955545911634,30953.12100114486
957,2022-08-17,8941,0.03919376827413282,29970.051269065276
958,2022-08-18,36261,0.158953722334004,29042.364361981046
959,2022-08-19,27291,0.11963282965768467,28168.733305484457
960,2022-08-20,24689,0.10822670226149927,27347.581688519003
961,2022-08-21,24392,0.1069247730391061,26577.13133967503
962,2022-08-22,19470,0.08534869346799753,25855.448039344043
963,2022-08-23,10417,0.045663961985420144,25180.484598006886
964,2022-08-24,35357,0.1549909478658443,24550.120708448503
965,2022-08-25,25388,0.11129083871420242,23962.19907299086
966,2022-08-26,23435,0.10272966776695029,23414.557414383216
967,2022-08-27,21995,0.09641728365837728,22905.056098046767
968,2022-08-28,21802,0.09557124884382548,22431.601220090524
969,2022-08-29,17647,0.07735739053054712,21992.16314512649
970,2022-08-30,8347,0.03658990982934645,21584.790605043694
971,2022-08-31,31087,0.13627297554389517,21207.620588954513
972,2022-09-01,21814,0.09562385204473026,20858.884360121912
973,2022-09-02,20498,0.0898550343455066,20536.910023083103
974,2022-09-03,19158,0.08398101024447338,20240.122129716325
975,2022-09-04,17660,0.07741437733152728,19967.038854320126
976,2022-09-05,13196,0.05784598659495097,19716.26728408736
977,2022-09-06,6608,0.028966829298229465,19486.497363432787
978,2022-09-07,24848,0.10892369467348754,19276.495000717143
979,2022-09-08,17570,0.07701985332474148,19085.0947974723
980,2022-09-09,17317,0.0759108025056658,18911.192797636235
981,2022-09-10,15542,0.0681299123718345,18753.73958241209
982,2022-09-11,15563,0.06822196797341785,18611.73396011105
983,2022-09-12,12315,0.0539840349285254,18484.21742437319
984,2022-09-13,6411,0.028103260083376075,18370.2694825166
985,2022-09-14,23158,0.10151541054606505,18269.003891652334
986,2022-09-15,18849,0.08262647782117542,18179.565785875577
987,2022-09-16,17973,0.07878644415512684,18101.12963458945
988,2022-09-17,17362,0.07610806450905871,18032.89794021707
989,2022-09-18,17150,0.07517874129307435,17974.100562813204
990,2022-09-19,12081,0.05295827251088229,17923.994548398456
991,2022-09-20,8257,0.036195385822560634,17881.86433578217
992,2022-09-21,28385,0.12442848814016999,17847.022221558826
993,2022-09-22,21188,0.09287971839753116,17818.808973121824
994,2022-09-23,22523,0.09873182449818738,17796.5944932674
995,2022-09-24,21083,0.09241944038961437,17779.77845574363
996,2022-09-25,22360,0.09801729768589752,17767.79084764263
997,2022-09-26,18794,0.08238537981702854,17760.092370798113
998,2022-09-27,10006,0.0438623023544316,17756.17466955475
